[    2498ms] [INFO] %cDownload the React DevTools for a better development experience: https://react.dev/link/react-devtools font-weight:bold @ webpack-internal:///./node_modules/react-dom/cjs/react-dom-client.development.js:28003
[   25497ms] [LOG] [HMR] Reload all CSS @ webpack-internal:///./node_modules/@rspack/core/dist/cssExtractHmr.js:109
[  398113ms] [ERROR] [webpack-dev-server] Errors while compiling. Reload prevented. @ webpack-internal:///./node_modules/webpack-dev-server/client/modules/logger/index.js:607
[  398115ms] [ERROR] [webpack-dev-server] ERROR in ./.docusaurus/registry.js
  × Cannot find module '@site/docs/05-吴飞飞/01-关于/02-我的网络安全之路.md' for matched aliased key '@site'
 @ webpack-internal:///./node_modules/webpack-dev-server/client/modules/logger/index.js:607
[  398116ms] [ERROR] [webpack-dev-server] ERROR in ./.docusaurus/registry.js
  × Cannot find module '@site/docs/05-吴飞飞/01-关于/02-我的网络安全之路.md' for matched aliased key '@site'
 @ webpack-internal:///./node_modules/webpack-dev-server/client/modules/logger/index.js:607
[  416486ms] [ERROR] Failed to load resource: net::ERR_CONNECTION_REFUSED @ http://localhost:3000/main.5f70194027219bdf.hot-update.js:0
[  417513ms] [ERROR] WebSocket connection to 'ws://localhost:3000/ws' failed: Error in connection establishment: net::ERR_CONNECTION_REFUSED @ webpack-internal:///./node_modules/webpack-dev-server/client/clients/WebSocketClient.js:24
[  417513ms] [ERROR] [webpack-dev-server] Event @ webpack-internal:///./node_modules/webpack-dev-server/client/modules/logger/index.js:607
[  426185ms] [INFO] %cDownload the React DevTools for a better development experience: https://react.dev/link/react-devtools font-weight:bold @ webpack-internal:///./node_modules/react-dom/cjs/react-dom-client.development.js:28003
[  819052ms] [LOG] [HMR] Reload all CSS @ webpack-internal:///./node_modules/@rspack/core/dist/cssExtractHmr.js:109
[  921354ms] [ERROR] WebSocket connection to 'ws://localhost:3000/ws' failed: Error during WebSocket handshake: net::ERR_CONNECTION_RESET @ webpack-internal:///./node_modules/webpack-dev-server/client/clients/WebSocketClient.js:24
[  921354ms] [ERROR] [webpack-dev-server] Event @ webpack-internal:///./node_modules/webpack-dev-server/client/modules/logger/index.js:607
[  928669ms] [ERROR] WebSocket connection to 'ws://localhost:3000/ws' failed: Error during WebSocket handshake: net::ERR_CONNECTION_RESET @ webpack-internal:///./node_modules/webpack-dev-server/client/clients/WebSocketClient.js:24
[  928670ms] [ERROR] [webpack-dev-server] Event @ webpack-internal:///./node_modules/webpack-dev-server/client/modules/logger/index.js:607
[  988316ms] [ERROR] [webpack-dev-server] Errors while compiling. Reload prevented. @ webpack-internal:///./node_modules/webpack-dev-server/client/modules/logger/index.js:607
[  988318ms] [ERROR] [webpack-dev-server] ERROR in ./docs/01-网络安全/01-网络空间安全/03-安全体系/03-安全合法合规/个人信息保护合规审计管理办法.md
  × Module build failed (from ./node_modules/@docusaurus/mdx-loader/lib/index.js):
  ╰─▶   × Error: EMFILE: too many open files, open '/Users/feei/Documents/GitHub/feei.cn/docs/01-网络安全/01-网络空间安全/03-安全体系/03-安全合法合规/_合规检查通用方法.md'
        │     at Object.readFileSync (node:fs:441:20)
        │     at /Users/feei/Documents/GitHub/feei.cn/plugins/markdownIncludes.ts:30:45
        │     at String.replace (<anonymous>)
        │     at expandMarkdownIncludes (/Users/feei/Documents/GitHub/feei.cn/plugins/markdownIncludes.ts:23:19)
        │     at Object.preprocessor (/Users/feei/Documents/GitHub/feei.cn/docusaurus.config.ts:24:225)
        │     at preprocessContent (/Users/feei/Documents/GitHub/feei.cn/node_modules/@docusaurus/mdx-loader/lib/preprocessor.js:19:38)
        │     at compileToJSX (/Users/feei/Documents/GitHub/feei.cn/node_modules/@docusaurus/mdx-loader/lib/utils.js:64:64)
        │     at loadMDX (/Users/feei/Documents/GitHub/feei.cn/node_modules/@docusaurus/mdx-loader/lib/loader.js:22:51)
      
 @ webpack-internal:///./node_modules/webpack-dev-server/client/modules/logger/index.js:607
[  988318ms] [ERROR] [webpack-dev-server] ERROR in ./docs/01-网络安全/01-网络空间安全/03-安全体系/03-安全合法合规/个人信息保护法.md
  × Module build failed (from ./node_modules/@docusaurus/mdx-loader/lib/index.js):
  ╰─▶   × Error: EMFILE: too many open files, open '/Users/feei/Documents/GitHub/feei.cn/docs/01-网络安全/01-网络空间安全/03-安全体系/03-安全合法合规/_合规检查通用方法.md'
        │     at Object.readFileSync (node:fs:441:20)
        │     at /Users/feei/Documents/GitHub/feei.cn/plugins/markdownIncludes.ts:30:45
        │     at String.replace (<anonymous>)
        │     at expandMarkdownIncludes (/Users/feei/Documents/GitHub/feei.cn/plugins/markdownIncludes.ts:23:19)
        │     at Object.preprocessor (/Users/feei/Documents/GitHub/feei.cn/docusaurus.config.ts:24:225)
        │     at preprocessContent (/Users/feei/Documents/GitHub/feei.cn/node_modules/@docusaurus/mdx-loader/lib/preprocessor.js:19:38)
        │     at compileToJSX (/Users/feei/Documents/GitHub/feei.cn/node_modules/@docusaurus/mdx-loader/lib/utils.js:64:64)
        │     at loadMDX (/Users/feei/Documents/GitHub/feei.cn/node_modules/@docusaurus/mdx-loader/lib/loader.js:22:51)
      
 @ webpack-internal:///./node_modules/webpack-dev-server/client/modules/logger/index.js:607
[  988318ms] [ERROR] [webpack-dev-server] ERROR in ./docs/01-网络安全/01-网络空间安全/03-安全体系/03-安全合法合规/个人信息出境标准合同办法.md
  × Module build failed (from ./node_modules/@docusaurus/mdx-loader/lib/index.js):
  ╰─▶   × Error: EMFILE: too many open files, open '/Users/feei/Documents/GitHub/feei.cn/docs/01-网络安全/01-网络空间安全/03-安全体系/03-安全合法合规/_合规检查通用方法.md'
        │     at Object.readFileSync (node:fs:441:20)
        │     at /Users/feei/Documents/GitHub/feei.cn/plugins/markdownIncludes.ts:30:45
        │     at String.replace (<anonymous>)
        │     at expandMarkdownIncludes (/Users/feei/Documents/GitHub/feei.cn/plugins/markdownIncludes.ts:23:19)
        │     at Object.preprocessor (/Users/feei/Documents/GitHub/feei.cn/docusaurus.config.ts:24:225)
        │     at preprocessContent (/Users/feei/Documents/GitHub/feei.cn/node_modules/@docusaurus/mdx-loader/lib/preprocessor.js:19:38)
        │     at compileToJSX (/Users/feei/Documents/GitHub/feei.cn/node_modules/@docusaurus/mdx-loader/lib/utils.js:64:64)
        │     at loadMDX (/Users/feei/Documents/GitHub/feei.cn/node_modules/@docusaurus/mdx-loader/lib/loader.js:22:51)
      
 @ webpack-internal:///./node_modules/webpack-dev-server/client/modules/logger/index.js:607
[  988319ms] [ERROR] [webpack-dev-server] ERROR in ./docs/01-网络安全/01-网络空间安全/03-安全体系/03-安全合法合规/个人信息出境认证办法.md
  × Module build failed (from ./node_modules/@docusaurus/mdx-loader/lib/index.js):
  ╰─▶   × Error: EMFILE: too many open files, open '/Users/feei/Documents/GitHub/feei.cn/docs/01-网络安全/01-网络空间安全/03-安全体系/03-安全合法合规/_合规检查通用方法.md'
        │     at Object.readFileSync (node:fs:441:20)
        │     at /Users/feei/Documents/GitHub/feei.cn/plugins/markdownIncludes.ts:30:45
        │     at String.replace (<anonymous>)
        │     at expandMarkdownIncludes (/Users/feei/Documents/GitHub/feei.cn/plugins/markdownIncludes.ts:23:19)
        │     at Object.preprocessor (/Users/feei/Documents/GitHub/feei.cn/docusaurus.config.ts:24:225)
        │     at preprocessContent (/Users/feei/Documents/GitHub/feei.cn/node_modules/@docusaurus/mdx-loader/lib/preprocessor.js:19:38)
        │     at compileToJSX (/Users/feei/Documents/GitHub/feei.cn/node_modules/@docusaurus/mdx-loader/lib/utils.js:64:64)
        │     at loadMDX (/Users/feei/Documents/GitHub/feei.cn/node_modules/@docusaurus/mdx-loader/lib/loader.js:22:51)
      
 @ webpack-internal:///./node_modules/webpack-dev-server/client/modules/logger/index.js:607
[  988319ms] [ERROR] [webpack-dev-server] ERROR in ./docs/01-网络安全/01-网络空间安全/03-安全体系/03-安全合法合规/互联网信息服务深度合成管理规定.md
  × Module build failed (from ./node_modules/@docusaurus/mdx-loader/lib/index.js):
  ╰─▶   × Error: EMFILE: too many open files, open '/Users/feei/Documents/GitHub/feei.cn/docs/01-网络安全/01-网络空间安全/03-安全体系/03-安全合法合规/_合规检查通用方法.md'
        │     at Object.readFileSync (node:fs:441:20)
        │     at /Users/feei/Documents/GitHub/feei.cn/plugins/markdownIncludes.ts:30:45
        │     at String.replace (<anonymous>)
        │     at expandMarkdownIncludes (/Users/feei/Documents/GitHub/feei.cn/plugins/markdownIncludes.ts:23:19)
        │     at Object.preprocessor (/Users/feei/Documents/GitHub/feei.cn/docusaurus.config.ts:24:225)
        │     at preprocessContent (/Users/feei/Documents/GitHub/feei.cn/node_modules/@docusaurus/mdx-loader/lib/preprocessor.js:19:38)
        │     at compileToJSX (/Users/feei/Documents/GitHub/feei.cn/node_modules/@docusaurus/mdx-loader/lib/utils.js:64:64)
        │     at loadMDX (/Users/feei/Documents/GitHub/feei.cn/node_modules/@docusaurus/mdx-loader/lib/loader.js:22:51)
      
 @ webpack-internal:///./node_modules/webpack-dev-server/client/modules/logger/index.js:607
[  988319ms] [ERROR] [webpack-dev-server] ERROR in ./docs/01-网络安全/01-网络空间安全/03-安全体系/03-安全合法合规/互联网信息服务算法推荐管理规定.md
  × Module build failed (from ./node_modules/@docusaurus/mdx-loader/lib/index.js):
  ╰─▶   × Error: EMFILE: too many open files, open '/Users/feei/Documents/GitHub/feei.cn/docs/01-网络安全/01-网络空间安全/03-安全体系/03-安全合法合规/_合规检查通用方法.md'
        │     at Object.readFileSync (node:fs:441:20)
        │     at /Users/feei/Documents/GitHub/feei.cn/plugins/markdownIncludes.ts:30:45
        │     at String.replace (<anonymous>)
        │     at expandMarkdownIncludes (/Users/feei/Documents/GitHub/feei.cn/plugins/markdownIncludes.ts:23:19)
        │     at Object.preprocessor (/Users/feei/Documents/GitHub/feei.cn/docusaurus.config.ts:24:225)
        │     at preprocessContent (/Users/feei/Documents/GitHub/feei.cn/node_modules/@docusaurus/mdx-loader/lib/preprocessor.js:19:38)
        │     at compileToJSX (/Users/feei/Documents/GitHub/feei.cn/node_modules/@docusaurus/mdx-loader/lib/utils.js:64:64)
        │     at loadMDX (/Users/feei/Documents/GitHub/feei.cn/node_modules/@docusaurus/mdx-loader/lib/loader.js:22:51)
      
 @ webpack-internal:///./node_modules/webpack-dev-server/client/modules/logger/index.js:607
[  988319ms] [ERROR] [webpack-dev-server] ERROR in ./docs/01-网络安全/01-网络空间安全/03-安全体系/03-安全合法合规/互联网信息服务管理办法.md
  × Module build failed (from ./node_modules/@docusaurus/mdx-loader/lib/index.js):
  ╰─▶   × Error: EMFILE: too many open files, open '/Users/feei/Documents/GitHub/feei.cn/docs/01-网络安全/01-网络空间安全/03-安全体系/03-安全合法合规/_合规检查通用方法.md'
        │     at Object.readFileSync (node:fs:441:20)
        │     at /Users/feei/Documents/GitHub/feei.cn/plugins/markdownIncludes.ts:30:45
        │     at String.replace (<anonymous>)
        │     at expandMarkdownIncludes (/Users/feei/Documents/GitHub/feei.cn/plugins/markdownIncludes.ts:23:19)
        │     at Object.preprocessor (/Users/feei/Documents/GitHub/feei.cn/docusaurus.config.ts:24:225)
        │     at preprocessContent (/Users/feei/Documents/GitHub/feei.cn/node_modules/@docusaurus/mdx-loader/lib/preprocessor.js:19:38)
        │     at compileToJSX (/Users/feei/Documents/GitHub/feei.cn/node_modules/@docusaurus/mdx-loader/lib/utils.js:64:64)
        │     at loadMDX (/Users/feei/Documents/GitHub/feei.cn/node_modules/@docusaurus/mdx-loader/lib/loader.js:22:51)
      
 @ webpack-internal:///./node_modules/webpack-dev-server/client/modules/logger/index.js:607
[  988319ms] [ERROR] [webpack-dev-server] ERROR in ./docs/01-网络安全/01-网络空间安全/03-安全体系/03-安全合法合规/人工智能生成合成内容标识办法.md
  × Module build failed (from ./node_modules/@docusaurus/mdx-loader/lib/index.js):
  ╰─▶   × Error: EMFILE: too many open files, open '/Users/feei/Documents/GitHub/feei.cn/docs/01-网络安全/01-网络空间安全/03-安全体系/03-安全合法合规/_合规检查通用方法.md'
        │     at Object.readFileSync (node:fs:441:20)
        │     at /Users/feei/Documents/GitHub/feei.cn/plugins/markdownIncludes.ts:30:45
        │     at String.replace (<anonymous>)
        │     at expandMarkdownIncludes (/Users/feei/Documents/GitHub/feei.cn/plugins/markdownIncludes.ts:23:19)
        │     at Object.preprocessor (/Users/feei/Documents/GitHub/feei.cn/docusaurus.config.ts:24:225)
        │     at preprocessContent (/Users/feei/Documents/GitHub/feei.cn/node_modules/@docusaurus/mdx-loader/lib/preprocessor.js:19:38)
        │     at compileToJSX (/Users/feei/Documents/GitHub/feei.cn/node_modules/@docusaurus/mdx-loader/lib/utils.js:64:64)
        │     at loadMDX (/Users/feei/Documents/GitHub/feei.cn/node_modules/@docusaurus/mdx-loader/lib/loader.js:22:51)
      
 @ webpack-internal:///./node_modules/webpack-dev-server/client/modules/logger/index.js:607
[  988319ms] [ERROR] [webpack-dev-server] ERROR in ./docs/01-网络安全/01-网络空间安全/03-安全体系/03-安全合法合规/人民银行数据安全管理办法.md
  × Module build failed (from ./node_modules/@docusaurus/mdx-loader/lib/index.js):
  ╰─▶   × Error: EMFILE: too many open files, open '/Users/feei/Documents/GitHub/feei.cn/docs/01-网络安全/01-网络空间安全/03-安全体系/03-安全合法合规/_合规检查通用方法.md'
        │     at Object.readFileSync (node:fs:441:20)
        │     at /Users/feei/Documents/GitHub/feei.cn/plugins/markdownIncludes.ts:30:45
        │     at String.replace (<anonymous>)
        │     at expandMarkdownIncludes (/Users/feei/Documents/GitHub/feei.cn/plugins/markdownIncludes.ts:23:19)
        │     at Object.preprocessor (/Users/feei/Documents/GitHub/feei.cn/docusaurus.config.ts:24:225)
        │     at preprocessContent (/Users/feei/Documents/GitHub/feei.cn/node_modules/@docusaurus/mdx-loader/lib/preprocessor.js:19:38)
        │     at compileToJSX (/Users/feei/Documents/GitHub/feei.cn/node_modules/@docusaurus/mdx-loader/lib/utils.js:64:64)
        │     at loadMDX (/Users/feei/Documents/GitHub/feei.cn/node_modules/@docusaurus/mdx-loader/lib/loader.js:22:51)
      
 @ webpack-internal:///./node_modules/webpack-dev-server/client/modules/logger/index.js:607
[  988319ms] [ERROR] [webpack-dev-server] ERROR in ./docs/01-网络安全/01-网络空间安全/03-安全体系/03-安全合法合规/促进和规范数据跨境流动规定.md
  × Module build failed (from ./node_modules/@docusaurus/mdx-loader/lib/index.js):
  ╰─▶   × Error: EMFILE: too many open files, open '/Users/feei/Documents/GitHub/feei.cn/docs/01-网络安全/01-网络空间安全/03-安全体系/03-安全合法合规/_合规检查通用方法.md'
        │     at Object.readFileSync (node:fs:441:20)
        │     at /Users/feei/Documents/GitHub/feei.cn/plugins/markdownIncludes.ts:30:45
        │     at String.replace (<anonymous>)
        │     at expandMarkdownIncludes (/Users/feei/Documents/GitHub/feei.cn/plugins/markdownIncludes.ts:23:19)
        │     at Object.preprocessor (/Users/feei/Documents/GitHub/feei.cn/docusaurus.config.ts:24:225)
        │     at preprocessContent (/Users/feei/Documents/GitHub/feei.cn/node_modules/@docusaurus/mdx-loader/lib/preprocessor.js:19:38)
        │     at compileToJSX (/Users/feei/Documents/GitHub/feei.cn/node_modules/@docusaurus/mdx-loader/lib/utils.js:64:64)
        │     at loadMDX (/Users/feei/Documents/GitHub/feei.cn/node_modules/@docusaurus/mdx-loader/lib/loader.js:22:51)
      
 @ webpack-internal:///./node_modules/webpack-dev-server/client/modules/logger/index.js:607
[  988319ms] [ERROR] [webpack-dev-server] ERROR in ./docs/01-网络安全/01-网络空间安全/03-安全体系/03-安全合法合规/关键信息基础设施安全保护条例.md
  × Module build failed (from ./node_modules/@docusaurus/mdx-loader/lib/index.js):
  ╰─▶   × Error: EMFILE: too many open files, open '/Users/feei/Documents/GitHub/feei.cn/docs/01-网络安全/01-网络空间安全/03-安全体系/03-安全合法合规/_合规检查通用方法.md'
        │     at Object.readFileSync (node:fs:441:20)
        │     at /Users/feei/Documents/GitHub/feei.cn/plugins/markdownIncludes.ts:30:45
        │     at String.replace (<anonymous>)
        │     at expandMarkdownIncludes (/Users/feei/Documents/GitHub/feei.cn/plugins/markdownIncludes.ts:23:19)
        │     at Object.preprocessor (/Users/feei/Documents/GitHub/feei.cn/docusaurus.config.ts:24:225)
        │     at preprocessContent (/Users/feei/Documents/GitHub/feei.cn/node_modules/@docusaurus/mdx-loader/lib/preprocessor.js:19:38)
        │     at compileToJSX (/Users/feei/Documents/GitHub/feei.cn/node_modules/@docusaurus/mdx-loader/lib/utils.js:64:64)
        │     at loadMDX (/Users/feei/Documents/GitHub/feei.cn/node_modules/@docusaurus/mdx-loader/lib/loader.js:22:51)
      
 @ webpack-internal:///./node_modules/webpack-dev-server/client/modules/logger/index.js:607
[  988319ms] [ERROR] [webpack-dev-server] ERROR in ./docs/01-网络安全/01-网络空间安全/03-安全体系/03-安全合法合规/反电信网络诈骗法.md
  × Module build failed (from ./node_modules/@docusaurus/mdx-loader/lib/index.js):
  ╰─▶   × Error: EMFILE: too many open files, open '/Users/feei/Documents/GitHub/feei.cn/docs/01-网络安全/01-网络空间安全/03-安全体系/03-安全合法合规/_合规检查通用方法.md'
        │     at Object.readFileSync (node:fs:441:20)
        │     at /Users/feei/Documents/GitHub/feei.cn/plugins/markdownIncludes.ts:30:45
        │     at String.replace (<anonymous>)
        │     at expandMarkdownIncludes (/Users/feei/Documents/GitHub/feei.cn/plugins/markdownIncludes.ts:23:19)
        │     at Object.preprocessor (/Users/feei/Documents/GitHub/feei.cn/docusaurus.config.ts:24:225)
        │     at preprocessContent (/Users/feei/Documents/GitHub/feei.cn/node_modules/@docusaurus/mdx-loader/lib/preprocessor.js:19:38)
        │     at compileToJSX (/Users/feei/Documents/GitHub/feei.cn/node_modules/@docusaurus/mdx-loader/lib/utils.js:64:64)
        │     at loadMDX (/Users/feei/Documents/GitHub/feei.cn/node_modules/@docusaurus/mdx-loader/lib/loader.js:22:51)
      
 @ webpack-internal:///./node_modules/webpack-dev-server/client/modules/logger/index.js:607
[  988319ms] [ERROR] [webpack-dev-server] ERROR in ./docs/01-网络安全/01-网络空间安全/03-安全体系/03-安全合法合规/商业银行信息科技风险管理指引.md
  × Module build failed (from ./node_modules/@docusaurus/mdx-loader/lib/index.js):
  ╰─▶   × Error: EMFILE: too many open files, open '/Users/feei/Documents/GitHub/feei.cn/docs/01-网络安全/01-网络空间安全/03-安全体系/03-安全合法合规/_合规检查通用方法.md'
        │     at Object.readFileSync (node:fs:441:20)
        │     at /Users/feei/Documents/GitHub/feei.cn/plugins/markdownIncludes.ts:30:45
        │     at String.replace (<anonymous>)
        │     at expandMarkdownIncludes (/Users/feei/Documents/GitHub/feei.cn/plugins/markdownIncludes.ts:23:19)
        │     at Object.preprocessor (/Users/feei/Documents/GitHub/feei.cn/docusaurus.config.ts:24:225)
        │     at preprocessContent (/Users/feei/Documents/GitHub/feei.cn/node_modules/@docusaurus/mdx-loader/lib/preprocessor.js:19:38)
        │     at compileToJSX (/Users/feei/Documents/GitHub/feei.cn/node_modules/@docusaurus/mdx-loader/lib/utils.js:64:64)
        │     at loadMDX (/Users/feei/Documents/GitHub/feei.cn/node_modules/@docusaurus/mdx-loader/lib/loader.js:22:51)
      
 @ webpack-internal:///./node_modules/webpack-dev-server/client/modules/logger/index.js:607
[  988319ms] [ERROR] [webpack-dev-server] ERROR in ./docs/01-网络安全/01-网络空间安全/03-安全体系/03-安全合法合规/国家安全法.md
  × Module build failed (from ./node_modules/@docusaurus/mdx-loader/lib/index.js):
  ╰─▶   × Error: EMFILE: too many open files, open '/Users/feei/Documents/GitHub/feei.cn/docs/01-网络安全/01-网络空间安全/03-安全体系/03-安全合法合规/_合规检查通用方法.md'
        │     at Object.readFileSync (node:fs:441:20)
        │     at /Users/feei/Documents/GitHub/feei.cn/plugins/markdownIncludes.ts:30:45
        │     at String.replace (<anonymous>)
        │     at expandMarkdownIncludes (/Users/feei/Documents/GitHub/feei.cn/plugins/markdownIncludes.ts:23:19)
        │     at Object.preprocessor (/Users/feei/Documents/GitHub/feei.cn/docusaurus.config.ts:24:225)
        │     at preprocessContent (/Users/feei/Documents/GitHub/feei.cn/node_modules/@docusaurus/mdx-loader/lib/preprocessor.js:19:38)
        │     at compileToJSX (/Users/feei/Documents/GitHub/feei.cn/node_modules/@docusaurus/mdx-loader/lib/utils.js:64:64)
        │     at loadMDX (/Users/feei/Documents/GitHub/feei.cn/node_modules/@docusaurus/mdx-loader/lib/loader.js:22:51)
      
 @ webpack-internal:///./node_modules/webpack-dev-server/client/modules/logger/index.js:607
[  988319ms] [ERROR] [webpack-dev-server] ERROR in ./docs/01-网络安全/01-网络空间安全/03-安全体系/03-安全合法合规/密码法.md
  × Module build failed (from ./node_modules/@docusaurus/mdx-loader/lib/index.js):
  ╰─▶   × Error: EMFILE: too many open files, open '/Users/feei/Documents/GitHub/feei.cn/docs/01-网络安全/01-网络空间安全/03-安全体系/03-安全合法合规/_合规检查通用方法.md'
        │     at Object.readFileSync (node:fs:441:20)
        │     at /Users/feei/Documents/GitHub/feei.cn/plugins/markdownIncludes.ts:30:45
        │     at String.replace (<anonymous>)
        │     at expandMarkdownIncludes (/Users/feei/Documents/GitHub/feei.cn/plugins/markdownIncludes.ts:23:19)
        │     at Object.preprocessor (/Users/feei/Documents/GitHub/feei.cn/docusaurus.config.ts:24:225)
        │     at preprocessContent (/Users/feei/Documents/GitHub/feei.cn/node_modules/@docusaurus/mdx-loader/lib/preprocessor.js:19:38)
        │     at compileToJSX (/Users/feei/Documents/GitHub/feei.cn/node_modules/@docusaurus/mdx-loader/lib/utils.js:64:64)
        │     at loadMDX (/Users/feei/Documents/GitHub/feei.cn/node_modules/@docusaurus/mdx-loader/lib/loader.js:22:51)
      
 @ webpack-internal:///./node_modules/webpack-dev-server/client/modules/logger/index.js:607
[  988319ms] [ERROR] [webpack-dev-server] ERROR in ./docs/01-网络安全/01-网络空间安全/03-安全体系/03-安全合法合规/常见类型App必要个人信息范围规定.md
  × Module build failed (from ./node_modules/@docusaurus/mdx-loader/lib/index.js):
  ╰─▶   × Error: EMFILE: too many open files, open '/Users/feei/Documents/GitHub/feei.cn/docs/01-网络安全/01-网络空间安全/03-安全体系/03-安全合法合规/_合规检查通用方法.md'
        │     at Object.readFileSync (node:fs:441:20)
        │     at /Users/feei/Documents/GitHub/feei.cn/plugins/markdownIncludes.ts:30:45
        │     at String.replace (<anonymous>)
        │     at expandMarkdownIncludes (/Users/feei/Documents/GitHub/feei.cn/plugins/markdownIncludes.ts:23:19)
        │     at Object.preprocessor (/Users/feei/Documents/GitHub/feei.cn/docusaurus.config.ts:24:225)
        │     at preprocessContent (/Users/feei/Documents/GitHub/feei.cn/node_modules/@docusaurus/mdx-loader/lib/preprocessor.js:19:38)
        │     at compileToJSX (/Users/feei/Documents/GitHub/feei.cn/node_modules/@docusaurus/mdx-loader/lib/utils.js:64:64)
        │     at loadMDX (/Users/feei/Documents/GitHub/feei.cn/node_modules/@docusaurus/mdx-loader/lib/loader.js:22:51)
      
 @ webpack-internal:///./node_modules/webpack-dev-server/client/modules/logger/index.js:607
[  988319ms] [ERROR] [webpack-dev-server] ERROR in ./docs/01-网络安全/01-网络空间安全/03-安全体系/03-安全合法合规/数据出境安全评估办法.md
  × Module build failed (from ./node_modules/@docusaurus/mdx-loader/lib/index.js):
  ╰─▶   × Error: EMFILE: too many open files, open '/Users/feei/Documents/GitHub/feei.cn/docs/01-网络安全/01-网络空间安全/03-安全体系/03-安全合法合规/_合规检查通用方法.md'
        │     at Object.readFileSync (node:fs:441:20)
        │     at /Users/feei/Documents/GitHub/feei.cn/plugins/markdownIncludes.ts:30:45
        │     at String.replace (<anonymous>)
        │     at expandMarkdownIncludes (/Users/feei/Documents/GitHub/feei.cn/plugins/markdownIncludes.ts:23:19)
        │     at Object.preprocessor (/Users/feei/Documents/GitHub/feei.cn/docusaurus.config.ts:24:225)
        │     at preprocessContent (/Users/feei/Documents/GitHub/feei.cn/node_modules/@docusaurus/mdx-loader/lib/preprocessor.js:19:38)
        │     at compileToJSX (/Users/feei/Documents/GitHub/feei.cn/node_modules/@docusaurus/mdx-loader/lib/utils.js:64:64)
        │     at loadMDX (/Users/feei/Documents/GitHub/feei.cn/node_modules/@docusaurus/mdx-loader/lib/loader.js:22:51)
      
 @ webpack-internal:///./node_modules/webpack-dev-server/client/modules/logger/index.js:607
[  988319ms] [ERROR] [webpack-dev-server] ERROR in ./docs/01-网络安全/01-网络空间安全/03-安全体系/03-安全合法合规/数据安全法.md
  × Module build failed (from ./node_modules/@docusaurus/mdx-loader/lib/index.js):
  ╰─▶   × Error: EMFILE: too many open files, open '/Users/feei/Documents/GitHub/feei.cn/docs/01-网络安全/01-网络空间安全/03-安全体系/03-安全合法合规/_合规检查通用方法.md'
        │     at Object.readFileSync (node:fs:441:20)
        │     at /Users/feei/Documents/GitHub/feei.cn/plugins/markdownIncludes.ts:30:45
        │     at String.replace (<anonymous>)
        │     at expandMarkdownIncludes (/Users/feei/Documents/GitHub/feei.cn/plugins/markdownIncludes.ts:23:19)
        │     at Object.preprocessor (/Users/feei/Documents/GitHub/feei.cn/docusaurus.config.ts:24:225)
        │     at preprocessContent (/Users/feei/Documents/GitHub/feei.cn/node_modules/@docusaurus/mdx-loader/lib/preprocessor.js:19:38)
        │     at compileToJSX (/Users/feei/Documents/GitHub/feei.cn/node_modules/@docusaurus/mdx-loader/lib/utils.js:64:64)
        │     at loadMDX (/Users/feei/Documents/GitHub/feei.cn/node_modules/@docusaurus/mdx-loader/lib/loader.js:22:51)
      
 @ webpack-internal:///./node_modules/webpack-dev-server/client/modules/logger/index.js:607
[  988319ms] [ERROR] [webpack-dev-server] ERROR in ./docs/01-网络安全/01-网络空间安全/03-安全体系/03-安全合法合规/未成年人网络保护条例.md
  × Module build failed (from ./node_modules/@docusaurus/mdx-loader/lib/index.js):
  ╰─▶   × Error: EMFILE: too many open files, open '/Users/feei/Documents/GitHub/feei.cn/docs/01-网络安全/01-网络空间安全/03-安全体系/03-安全合法合规/_合规检查通用方法.md'
        │     at Object.readFileSync (node:fs:441:20)
        │     at /Users/feei/Documents/GitHub/feei.cn/plugins/markdownIncludes.ts:30:45
        │     at String.replace (<anonymous>)
        │     at expandMarkdownIncludes (/Users/feei/Documents/GitHub/feei.cn/plugins/markdownIncludes.ts:23:19)
        │     at Object.preprocessor (/Users/feei/Documents/GitHub/feei.cn/docusaurus.config.ts:24:225)
        │     at preprocessContent (/Users/feei/Documents/GitHub/feei.cn/node_modules/@docusaurus/mdx-loader/lib/preprocessor.js:19:38)
        │     at compileToJSX (/Users/feei/Documents/GitHub/feei.cn/node_modules/@docusaurus/mdx-loader/lib/utils.js:64:64)
        │     at loadMDX (/Users/feei/Documents/GitHub/feei.cn/node_modules/@docusaurus/mdx-loader/lib/loader.js:22:51)
      
 @ webpack-internal:///./node_modules/webpack-dev-server/client/modules/logger/index.js:607
[  988319ms] [ERROR] [webpack-dev-server] ERROR in ./docs/01-网络安全/01-网络空间安全/03-安全体系/03-安全合法合规/汽车数据安全管理若干规定.md
  × Module build failed (from ./node_modules/@docusaurus/mdx-loader/lib/index.js):
  ╰─▶   × Error: EMFILE: too many open files, open '/Users/feei/Documents/GitHub/feei.cn/docs/01-网络安全/01-网络空间安全/03-安全体系/03-安全合法合规/_合规检查通用方法.md'
        │     at Object.readFileSync (node:fs:441:20)
        │     at /Users/feei/Documents/GitHub/feei.cn/plugins/markdownIncludes.ts:30:45
        │     at String.replace (<anonymous>)
        │     at expandMarkdownIncludes (/Users/feei/Documents/GitHub/feei.cn/plugins/markdownIncludes.ts:23:19)
        │     at Object.preprocessor (/Users/feei/Documents/GitHub/feei.cn/docusaurus.config.ts:24:225)
        │     at preprocessContent (/Users/feei/Documents/GitHub/feei.cn/node_modules/@docusaurus/mdx-loader/lib/preprocessor.js:19:38)
        │     at compileToJSX (/Users/feei/Documents/GitHub/feei.cn/node_modules/@docusaurus/mdx-loader/lib/utils.js:64:64)
        │     at loadMDX (/Users/feei/Documents/GitHub/feei.cn/node_modules/@docusaurus/mdx-loader/lib/loader.js:22:51)
      
 @ webpack-internal:///./node_modules/webpack-dev-server/client/modules/logger/index.js:607
[  988319ms] [ERROR] [webpack-dev-server] ERROR in ./docs/01-网络安全/01-网络空间安全/03-安全体系/03-安全合法合规/生成式人工智能服务管理暂行办法.md
  × Module build failed (from ./node_modules/@docusaurus/mdx-loader/lib/index.js):
  ╰─▶   × Error: EMFILE: too many open files, open '/Users/feei/Documents/GitHub/feei.cn/docs/01-网络安全/01-网络空间安全/03-安全体系/03-安全合法合规/_合规检查通用方法.md'
        │     at Object.readFileSync (node:fs:441:20)
        │     at /Users/feei/Documents/GitHub/feei.cn/plugins/markdownIncludes.ts:30:45
        │     at String.replace (<anonymous>)
        │     at expandMarkdownIncludes (/Users/feei/Documents/GitHub/feei.cn/plugins/markdownIncludes.ts:23:19)
        │     at Object.preprocessor (/Users/feei/Documents/GitHub/feei.cn/docusaurus.config.ts:24:225)
        │     at preprocessContent (/Users/feei/Documents/GitHub/feei.cn/node_modules/@docusaurus/mdx-loader/lib/preprocessor.js:19:38)
        │     at compileToJSX (/Users/feei/Documents/GitHub/feei.cn/node_modules/@docusaurus/mdx-loader/lib/utils.js:64:64)
        │     at loadMDX (/Users/feei/Documents/GitHub/feei.cn/node_modules/@docusaurus/mdx-loader/lib/loader.js:22:51)
      
 @ webpack-internal:///./node_modules/webpack-dev-server/client/modules/logger/index.js:607
[  988319ms] [ERROR] [webpack-dev-server] ERROR in ./docs/01-网络安全/01-网络空间安全/03-安全体系/03-安全合法合规/移动互联网应用程序信息服务管理规定.md
  × Module build failed (from ./node_modules/@docusaurus/mdx-loader/lib/index.js):
  ╰─▶   × Error: EMFILE: too many open files, open '/Users/feei/Documents/GitHub/feei.cn/docs/01-网络安全/01-网络空间安全/03-安全体系/03-安全合法合规/_合规检查通用方法.md'
        │     at Object.readFileSync (node:fs:441:20)
        │     at /Users/feei/Documents/GitHub/feei.cn/plugins/markdownIncludes.ts:30:45
        │     at String.replace (<anonymous>)
        │     at expandMarkdownIncludes (/Users/feei/Documents/GitHub/feei.cn/plugins/markdownIncludes.ts:23:19)
        │     at Object.preprocessor (/Users/feei/Documents/GitHub/feei.cn/docusaurus.config.ts:24:225)
        │     at preprocessContent (/Users/feei/Documents/GitHub/feei.cn/node_modules/@docusaurus/mdx-loader/lib/preprocessor.js:19:38)
        │     at compileToJSX (/Users/feei/Documents/GitHub/feei.cn/node_modules/@docusaurus/mdx-loader/lib/utils.js:64:64)
        │     at loadMDX (/Users/feei/Documents/GitHub/feei.cn/node_modules/@docusaurus/mdx-loader/lib/loader.js:22:51)
      
 @ webpack-internal:///./node_modules/webpack-dev-server/client/modules/logger/index.js:607
[  988319ms] [ERROR] [webpack-dev-server] ERROR in ./docs/01-网络安全/01-网络空间安全/03-安全体系/03-安全合法合规/网络产品安全漏洞管理规定.md
  × Module build failed (from ./node_modules/@docusaurus/mdx-loader/lib/index.js):
  ╰─▶   × Error: EMFILE: too many open files, open '/Users/feei/Documents/GitHub/feei.cn/docs/01-网络安全/01-网络空间安全/03-安全体系/03-安全合法合规/_合规检查通用方法.md'
        │     at Object.readFileSync (node:fs:441:20)
        │     at /Users/feei/Documents/GitHub/feei.cn/plugins/markdownIncludes.ts:30:45
        │     at String.replace (<anonymous>)
        │     at expandMarkdownIncludes (/Users/feei/Documents/GitHub/feei.cn/plugins/markdownIncludes.ts:23:19)
        │     at Object.preprocessor (/Users/feei/Documents/GitHub/feei.cn/docusaurus.config.ts:24:225)
        │     at preprocessContent (/Users/feei/Documents/GitHub/feei.cn/node_modules/@docusaurus/mdx-loader/lib/preprocessor.js:19:38)
        │     at compileToJSX (/Users/feei/Documents/GitHub/feei.cn/node_modules/@docusaurus/mdx-loader/lib/utils.js:64:64)
        │     at loadMDX (/Users/feei/Documents/GitHub/feei.cn/node_modules/@docusaurus/mdx-loader/lib/loader.js:22:51)
      
 @ webpack-internal:///./node_modules/webpack-dev-server/client/modules/logger/index.js:607
[  988319ms] [ERROR] [webpack-dev-server] ERROR in ./docs/01-网络安全/01-网络空间安全/03-安全体系/03-安全合法合规/网络信息内容生态治理规定.md
  × Module build failed (from ./node_modules/@docusaurus/mdx-loader/lib/index.js):
  ╰─▶   × Error: EMFILE: too many open files, open '/Users/feei/Documents/GitHub/feei.cn/docs/01-网络安全/01-网络空间安全/03-安全体系/03-安全合法合规/_合规检查通用方法.md'
        │     at Object.readFileSync (node:fs:441:20)
        │     at /Users/feei/Documents/GitHub/feei.cn/plugins/markdownIncludes.ts:30:45
        │     at String.replace (<anonymous>)
        │     at expandMarkdownIncludes (/Users/feei/Documents/GitHub/feei.cn/plugins/markdownIncludes.ts:23:19)
        │     at Object.preprocessor (/Users/feei/Documents/GitHub/feei.cn/docusaurus.config.ts:24:225)
        │     at preprocessContent (/Users/feei/Documents/GitHub/feei.cn/node_modules/@docusaurus/mdx-loader/lib/preprocessor.js:19:38)
        │     at compileToJSX (/Users/feei/Documents/GitHub/feei.cn/node_modules/@docusaurus/mdx-loader/lib/utils.js:64:64)
        │     at loadMDX (/Users/feei/Documents/GitHub/feei.cn/node_modules/@docusaurus/mdx-loader/lib/loader.js:22:51)
      
 @ webpack-internal:///./node_modules/webpack-dev-server/client/modules/logger/index.js:607
[  988319ms] [ERROR] [webpack-dev-server] ERROR in ./docs/01-网络安全/01-网络空间安全/03-安全体系/03-安全合法合规/网络安全事件报告管理办法.md
  × Module build failed (from ./node_modules/@docusaurus/mdx-loader/lib/index.js):
  ╰─▶   × Error: EMFILE: too many open files, open '/Users/feei/Documents/GitHub/feei.cn/docs/01-网络安全/01-网络空间安全/03-安全体系/03-安全合法合规/_合规检查通用方法.md'
        │     at Object.readFileSync (node:fs:441:20)
        │     at /Users/feei/Documents/GitHub/feei.cn/plugins/markdownIncludes.ts:30:45
        │     at String.replace (<anonymous>)
        │     at expandMarkdownIncludes (/Users/feei/Documents/GitHub/feei.cn/plugins/markdownIncludes.ts:23:19)
        │     at Object.preprocessor (/Users/feei/Documents/GitHub/feei.cn/docusaurus.config.ts:24:225)
        │     at preprocessContent (/Users/feei/Documents/GitHub/feei.cn/node_modules/@docusaurus/mdx-loader/lib/preprocessor.js:19:38)
        │     at compileToJSX (/Users/feei/Documents/GitHub/feei.cn/node_modules/@docusaurus/mdx-loader/lib/utils.js:64:64)
        │     at loadMDX (/Users/feei/Documents/GitHub/feei.cn/node_modules/@docusaurus/mdx-loader/lib/loader.js:22:51)
      
 @ webpack-internal:///./node_modules/webpack-dev-server/client/modules/logger/index.js:607
[  988319ms] [ERROR] [webpack-dev-server] ERROR in ./docs/01-网络安全/01-网络空间安全/03-安全体系/03-安全合法合规/网络安全审查办法.md
  × Module build failed (from ./node_modules/@docusaurus/mdx-loader/lib/index.js):
  ╰─▶   × Error: EMFILE: too many open files, open '/Users/feei/Documents/GitHub/feei.cn/docs/01-网络安全/01-网络空间安全/03-安全体系/03-安全合法合规/_合规检查通用方法.md'
        │     at Object.readFileSync (node:fs:441:20)
        │     at /Users/feei/Documents/GitHub/feei.cn/plugins/markdownIncludes.ts:30:45
        │     at String.replace (<anonymous>)
        │     at expandMarkdownIncludes (/Users/feei/Documents/GitHub/feei.cn/plugins/markdownIncludes.ts:23:19)
        │     at Object.preprocessor (/Users/feei/Documents/GitHub/feei.cn/docusaurus.config.ts:24:225)
        │     at preprocessContent (/Users/feei/Documents/GitHub/feei.cn/node_modules/@docusaurus/mdx-loader/lib/preprocessor.js:19:38)
        │     at compileToJSX (/Users/feei/Documents/GitHub/feei.cn/node_modules/@docusaurus/mdx-loader/lib/utils.js:64:64)
        │     at loadMDX (/Users/feei/Documents/GitHub/feei.cn/node_modules/@docusaurus/mdx-loader/lib/loader.js:22:51)
      
 @ webpack-internal:///./node_modules/webpack-dev-server/client/modules/logger/index.js:607
[  988320ms] [ERROR] [webpack-dev-server] ERROR in ./docs/01-网络安全/01-网络空间安全/03-安全体系/03-安全合法合规/网络安全法.md
  × Module build failed (from ./node_modules/@docusaurus/mdx-loader/lib/index.js):
  ╰─▶   × Error: EMFILE: too many open files, open '/Users/feei/Documents/GitHub/feei.cn/docs/01-网络安全/01-网络空间安全/03-安全体系/03-安全合法合规/_合规检查通用方法.md'
        │     at Object.readFileSync (node:fs:441:20)
        │     at /Users/feei/Documents/GitHub/feei.cn/plugins/markdownIncludes.ts:30:45
        │     at String.replace (<anonymous>)
        │     at expandMarkdownIncludes (/Users/feei/Documents/GitHub/feei.cn/plugins/markdownIncludes.ts:23:19)
        │     at Object.preprocessor (/Users/feei/Documents/GitHub/feei.cn/docusaurus.config.ts:24:225)
        │     at preprocessContent (/Users/feei/Documents/GitHub/feei.cn/node_modules/@docusaurus/mdx-loader/lib/preprocessor.js:19:38)
        │     at compileToJSX (/Users/feei/Documents/GitHub/feei.cn/node_modules/@docusaurus/mdx-loader/lib/utils.js:64:64)
        │     at loadMDX (/Users/feei/Documents/GitHub/feei.cn/node_modules/@docusaurus/mdx-loader/lib/loader.js:22:51)
      
 @ webpack-internal:///./node_modules/webpack-dev-server/client/modules/logger/index.js:607
[  988320ms] [ERROR] [webpack-dev-server] ERROR in ./docs/01-网络安全/01-网络空间安全/03-安全体系/03-安全合法合规/网络数据安全管理条例.md
  × Module build failed (from ./node_modules/@docusaurus/mdx-loader/lib/index.js):
  ╰─▶   × Error: EMFILE: too many open files, open '/Users/feei/Documents/GitHub/feei.cn/docs/01-网络安全/01-网络空间安全/03-安全体系/03-安全合法合规/_合规检查通用方法.md'
        │     at Object.readFileSync (node:fs:441:20)
        │     at /Users/feei/Documents/GitHub/feei.cn/plugins/markdownIncludes.ts:30:45
        │     at String.replace (<anonymous>)
        │     at expandMarkdownIncludes (/Users/feei/Documents/GitHub/feei.cn/plugins/markdownIncludes.ts:23:19)
        │     at Object.preprocessor (/Users/feei/Documents/GitHub/feei.cn/docusaurus.config.ts:24:225)
        │     at preprocessContent (/Users/feei/Documents/GitHub/feei.cn/node_modules/@docusaurus/mdx-loader/lib/preprocessor.js:19:38)
        │     at compileToJSX (/Users/feei/Documents/GitHub/feei.cn/node_modules/@docusaurus/mdx-loader/lib/utils.js:64:64)
        │     at loadMDX (/Users/feei/Documents/GitHub/feei.cn/node_modules/@docusaurus/mdx-loader/lib/loader.js:22:51)
      
 @ webpack-internal:///./node_modules/webpack-dev-server/client/modules/logger/index.js:607
[  988320ms] [ERROR] [webpack-dev-server] ERROR in ./docs/01-网络安全/01-网络空间安全/03-安全体系/03-安全合法合规/银保监会数据安全管理办法.md
  × Module build failed (from ./node_modules/@docusaurus/mdx-loader/lib/index.js):
  ╰─▶   × Error: EMFILE: too many open files, open '/Users/feei/Documents/GitHub/feei.cn/docs/01-网络安全/01-网络空间安全/03-安全体系/03-安全合法合规/_合规检查通用方法.md'
        │     at Object.readFileSync (node:fs:441:20)
        │     at /Users/feei/Documents/GitHub/feei.cn/plugins/markdownIncludes.ts:30:45
        │     at String.replace (<anonymous>)
        │     at expandMarkdownIncludes (/Users/feei/Documents/GitHub/feei.cn/plugins/markdownIncludes.ts:23:19)
        │     at Object.preprocessor (/Users/feei/Documents/GitHub/feei.cn/docusaurus.config.ts:24:225)
        │     at preprocessContent (/Users/feei/Documents/GitHub/feei.cn/node_modules/@docusaurus/mdx-loader/lib/preprocessor.js:19:38)
        │     at compileToJSX (/Users/feei/Documents/GitHub/feei.cn/node_modules/@docusaurus/mdx-loader/lib/utils.js:64:64)
        │     at loadMDX (/Users/feei/Documents/GitHub/feei.cn/node_modules/@docusaurus/mdx-loader/lib/loader.js:22:51)
      
 @ webpack-internal:///./node_modules/webpack-dev-server/client/modules/logger/index.js:607
[  988320ms] [ERROR] [webpack-dev-server] ERROR in ./docs/01-网络安全/01-网络空间安全/03-安全体系/03-安全合法合规/银行保险机构数据安全管理办法.md
  × Module build failed (from ./node_modules/@docusaurus/mdx-loader/lib/index.js):
  ╰─▶   × Error: EMFILE: too many open files, open '/Users/feei/Documents/GitHub/feei.cn/docs/01-网络安全/01-网络空间安全/03-安全体系/03-安全合法合规/_合规检查通用方法.md'
        │     at Object.readFileSync (node:fs:441:20)
        │     at /Users/feei/Documents/GitHub/feei.cn/plugins/markdownIncludes.ts:30:45
        │     at String.replace (<anonymous>)
        │     at expandMarkdownIncludes (/Users/feei/Documents/GitHub/feei.cn/plugins/markdownIncludes.ts:23:19)
        │     at Object.preprocessor (/Users/feei/Documents/GitHub/feei.cn/docusaurus.config.ts:24:225)
        │     at preprocessContent (/Users/feei/Documents/GitHub/feei.cn/node_modules/@docusaurus/mdx-loader/lib/preprocessor.js:19:38)
        │     at compileToJSX (/Users/feei/Documents/GitHub/feei.cn/node_modules/@docusaurus/mdx-loader/lib/utils.js:64:64)
        │     at loadMDX (/Users/feei/Documents/GitHub/feei.cn/node_modules/@docusaurus/mdx-loader/lib/loader.js:22:51)
      
 @ webpack-internal:///./node_modules/webpack-dev-server/client/modules/logger/index.js:607
[  993187ms] [ERROR] [webpack-dev-server] Errors while compiling. Reload prevented. @ webpack-internal:///./node_modules/webpack-dev-server/client/modules/logger/index.js:607
[  993188ms] [ERROR] [webpack-dev-server] ERROR in ./docs/01-网络安全/01-网络空间安全/03-安全体系/03-安全合法合规/互联网信息服务管理办法.md
  × Module build failed (from ./node_modules/@docusaurus/mdx-loader/lib/index.js):
  ╰─▶   × Error: Markdown include not found: _互联网信息服务管理办法原文.md (from /Users/feei/Documents/GitHub/feei.cn/docs/01-网络安全/01-网络空间安全/03-安全体系/03-安全合法合规/互联网信息服务管理办法.md)
        │     at /Users/feei/Documents/GitHub/feei.cn/plugins/markdownIncludes.ts:28:13
        │     at String.replace (<anonymous>)
        │     at expandMarkdownIncludes (/Users/feei/Documents/GitHub/feei.cn/plugins/markdownIncludes.ts:23:19)
        │     at Object.preprocessor (/Users/feei/Documents/GitHub/feei.cn/docusaurus.config.ts:24:225)
        │     at preprocessContent (/Users/feei/Documents/GitHub/feei.cn/node_modules/@docusaurus/mdx-loader/lib/preprocessor.js:19:38)
        │     at compileToJSX (/Users/feei/Documents/GitHub/feei.cn/node_modules/@docusaurus/mdx-loader/lib/utils.js:64:64)
        │     at loadMDX (/Users/feei/Documents/GitHub/feei.cn/node_modules/@docusaurus/mdx-loader/lib/loader.js:22:51)
      
 @ webpack-internal:///./node_modules/webpack-dev-server/client/modules/logger/index.js:607
[  993188ms] [ERROR] [webpack-dev-server] ERROR in ./docs/01-网络安全/01-网络空间安全/03-安全体系/03-安全合法合规/反电信网络诈骗法.md
  × Module build failed (from ./node_modules/@docusaurus/mdx-loader/lib/index.js):
  ╰─▶   × Error: Markdown include not found: _反电信网络诈骗法原文.md (from /Users/feei/Documents/GitHub/feei.cn/docs/01-网络安全/01-网络空间安全/03-安全体系/03-安全合法合规/反电信网络诈骗法.md)
        │     at /Users/feei/Documents/GitHub/feei.cn/plugins/markdownIncludes.ts:28:13
        │     at String.replace (<anonymous>)
        │     at expandMarkdownIncludes (/Users/feei/Documents/GitHub/feei.cn/plugins/markdownIncludes.ts:23:19)
        │     at Object.preprocessor (/Users/feei/Documents/GitHub/feei.cn/docusaurus.config.ts:24:225)
        │     at preprocessContent (/Users/feei/Documents/GitHub/feei.cn/node_modules/@docusaurus/mdx-loader/lib/preprocessor.js:19:38)
        │     at compileToJSX (/Users/feei/Documents/GitHub/feei.cn/node_modules/@docusaurus/mdx-loader/lib/utils.js:64:64)
        │     at loadMDX (/Users/feei/Documents/GitHub/feei.cn/node_modules/@docusaurus/mdx-loader/lib/loader.js:22:51)
      
 @ webpack-internal:///./node_modules/webpack-dev-server/client/modules/logger/index.js:607
[  993188ms] [ERROR] [webpack-dev-server] ERROR in ./docs/01-网络安全/01-网络空间安全/03-安全体系/03-安全合法合规/商业银行信息科技风险管理指引.md
  × Module build failed (from ./node_modules/@docusaurus/mdx-loader/lib/index.js):
  ╰─▶   × Error: Markdown include not found: _商业银行信息科技风险管理指引原文.md (from /Users/feei/Documents/GitHub/feei.cn/docs/01-网络安全/01-网络空间安全/03-安全体系/03-安全合法合规/商业银行信息科技风险管理指引.md)
        │     at /Users/feei/Documents/GitHub/feei.cn/plugins/markdownIncludes.ts:28:13
        │     at String.replace (<anonymous>)
        │     at expandMarkdownIncludes (/Users/feei/Documents/GitHub/feei.cn/plugins/markdownIncludes.ts:23:19)
        │     at Object.preprocessor (/Users/feei/Documents/GitHub/feei.cn/docusaurus.config.ts:24:225)
        │     at preprocessContent (/Users/feei/Documents/GitHub/feei.cn/node_modules/@docusaurus/mdx-loader/lib/preprocessor.js:19:38)
        │     at compileToJSX (/Users/feei/Documents/GitHub/feei.cn/node_modules/@docusaurus/mdx-loader/lib/utils.js:64:64)
        │     at loadMDX (/Users/feei/Documents/GitHub/feei.cn/node_modules/@docusaurus/mdx-loader/lib/loader.js:22:51)
      
 @ webpack-internal:///./node_modules/webpack-dev-server/client/modules/logger/index.js:607
[  993188ms] [ERROR] [webpack-dev-server] ERROR in ./docs/01-网络安全/01-网络空间安全/03-安全体系/03-安全合法合规/国家安全法.md
  × Module build failed (from ./node_modules/@docusaurus/mdx-loader/lib/index.js):
  ╰─▶   × Error: Markdown include not found: _国家安全法原文.md (from /Users/feei/Documents/GitHub/feei.cn/docs/01-网络安全/01-网络空间安全/03-安全体系/03-安全合法合规/国家安全法.md)
        │     at /Users/feei/Documents/GitHub/feei.cn/plugins/markdownIncludes.ts:28:13
        │     at String.replace (<anonymous>)
        │     at expandMarkdownIncludes (/Users/feei/Documents/GitHub/feei.cn/plugins/markdownIncludes.ts:23:19)
        │     at Object.preprocessor (/Users/feei/Documents/GitHub/feei.cn/docusaurus.config.ts:24:225)
        │     at preprocessContent (/Users/feei/Documents/GitHub/feei.cn/node_modules/@docusaurus/mdx-loader/lib/preprocessor.js:19:38)
        │     at compileToJSX (/Users/feei/Documents/GitHub/feei.cn/node_modules/@docusaurus/mdx-loader/lib/utils.js:64:64)
        │     at loadMDX (/Users/feei/Documents/GitHub/feei.cn/node_modules/@docusaurus/mdx-loader/lib/loader.js:22:51)
      
 @ webpack-internal:///./node_modules/webpack-dev-server/client/modules/logger/index.js:607
[  993188ms] [ERROR] [webpack-dev-server] ERROR in ./docs/01-网络安全/01-网络空间安全/03-安全体系/03-安全合法合规/常见类型App必要个人信息范围规定.md
  × Module build failed (from ./node_modules/@docusaurus/mdx-loader/lib/index.js):
  ╰─▶   × Error: Markdown include not found: _常见类型App必要个人信息范围规定原文.md (from /Users/feei/Documents/GitHub/feei.cn/docs/01-网络安全/01-网络空间安全/03-安全体系/03-安全合法合规/常见类型App必要个人信息范围规定.md)
        │     at /Users/feei/Documents/GitHub/feei.cn/plugins/markdownIncludes.ts:28:13
        │     at String.replace (<anonymous>)
        │     at expandMarkdownIncludes (/Users/feei/Documents/GitHub/feei.cn/plugins/markdownIncludes.ts:23:19)
        │     at Object.preprocessor (/Users/feei/Documents/GitHub/feei.cn/docusaurus.config.ts:24:225)
        │     at preprocessContent (/Users/feei/Documents/GitHub/feei.cn/node_modules/@docusaurus/mdx-loader/lib/preprocessor.js:19:38)
        │     at compileToJSX (/Users/feei/Documents/GitHub/feei.cn/node_modules/@docusaurus/mdx-loader/lib/utils.js:64:64)
        │     at loadMDX (/Users/feei/Documents/GitHub/feei.cn/node_modules/@docusaurus/mdx-loader/lib/loader.js:22:51)
      
 @ webpack-internal:///./node_modules/webpack-dev-server/client/modules/logger/index.js:607
[  993188ms] [ERROR] [webpack-dev-server] ERROR in ./docs/01-网络安全/01-网络空间安全/03-安全体系/03-安全合法合规/汽车数据安全管理若干规定.md
  × Module build failed (from ./node_modules/@docusaurus/mdx-loader/lib/index.js):
  ╰─▶   × Error: Markdown include not found: _汽车数据安全管理若干规定原文.md (from /Users/feei/Documents/GitHub/feei.cn/docs/01-网络安全/01-网络空间安全/03-安全体系/03-安全合法合规/汽车数据安全管理若干规定.md)
        │     at /Users/feei/Documents/GitHub/feei.cn/plugins/markdownIncludes.ts:28:13
        │     at String.replace (<anonymous>)
        │     at expandMarkdownIncludes (/Users/feei/Documents/GitHub/feei.cn/plugins/markdownIncludes.ts:23:19)
        │     at Object.preprocessor (/Users/feei/Documents/GitHub/feei.cn/docusaurus.config.ts:24:225)
        │     at preprocessContent (/Users/feei/Documents/GitHub/feei.cn/node_modules/@docusaurus/mdx-loader/lib/preprocessor.js:19:38)
        │     at compileToJSX (/Users/feei/Documents/GitHub/feei.cn/node_modules/@docusaurus/mdx-loader/lib/utils.js:64:64)
        │     at loadMDX (/Users/feei/Documents/GitHub/feei.cn/node_modules/@docusaurus/mdx-loader/lib/loader.js:22:51)
      
 @ webpack-internal:///./node_modules/webpack-dev-server/client/modules/logger/index.js:607
[  993188ms] [ERROR] [webpack-dev-server] ERROR in ./docs/01-网络安全/01-网络空间安全/03-安全体系/03-安全合法合规/银保监会数据安全管理办法.md
  × Module build failed (from ./node_modules/@docusaurus/mdx-loader/lib/index.js):
  ╰─▶   × Error: Markdown include not found: _银保监会数据安全管理办法原文.md (from /Users/feei/Documents/GitHub/feei.cn/docs/01-网络安全/01-网络空间安全/03-安全体系/03-安全合法合规/银保监会数据安全管理办法.md)
        │     at /Users/feei/Documents/GitHub/feei.cn/plugins/markdownIncludes.ts:28:13
        │     at String.replace (<anonymous>)
        │     at expandMarkdownIncludes (/Users/feei/Documents/GitHub/feei.cn/plugins/markdownIncludes.ts:23:19)
        │     at Object.preprocessor (/Users/feei/Documents/GitHub/feei.cn/docusaurus.config.ts:24:225)
        │     at preprocessContent (/Users/feei/Documents/GitHub/feei.cn/node_modules/@docusaurus/mdx-loader/lib/preprocessor.js:19:38)
        │     at compileToJSX (/Users/feei/Documents/GitHub/feei.cn/node_modules/@docusaurus/mdx-loader/lib/utils.js:64:64)
        │     at loadMDX (/Users/feei/Documents/GitHub/feei.cn/node_modules/@docusaurus/mdx-loader/lib/loader.js:22:51)
      
 @ webpack-internal:///./node_modules/webpack-dev-server/client/modules/logger/index.js:607
[  993188ms] [ERROR] [webpack-dev-server] ERROR in ./docs/01-网络安全/01-网络空间安全/03-安全体系/03-安全合法合规/银行保险机构数据安全管理办法.md
  × Module build failed (from ./node_modules/@docusaurus/mdx-loader/lib/index.js):
  ╰─▶   × Error: Markdown include not found: _银行保险机构数据安全管理办法原文.md (from /Users/feei/Documents/GitHub/feei.cn/docs/01-网络安全/01-网络空间安全/03-安全体系/03-安全合法合规/银行保险机构数据安全管理办法.md)
        │     at /Users/feei/Documents/GitHub/feei.cn/plugins/markdownIncludes.ts:28:13
        │     at String.replace (<anonymous>)
        │     at expandMarkdownIncludes (/Users/feei/Documents/GitHub/feei.cn/plugins/markdownIncludes.ts:23:19)
        │     at Object.preprocessor (/Users/feei/Documents/GitHub/feei.cn/docusaurus.config.ts:24:225)
        │     at preprocessContent (/Users/feei/Documents/GitHub/feei.cn/node_modules/@docusaurus/mdx-loader/lib/preprocessor.js:19:38)
        │     at compileToJSX (/Users/feei/Documents/GitHub/feei.cn/node_modules/@docusaurus/mdx-loader/lib/utils.js:64:64)
        │     at loadMDX (/Users/feei/Documents/GitHub/feei.cn/node_modules/@docusaurus/mdx-loader/lib/loader.js:22:51)
      
 @ webpack-internal:///./node_modules/webpack-dev-server/client/modules/logger/index.js:607
[  993506ms] [LOG] [HMR] Reload all CSS @ webpack-internal:///./node_modules/@rspack/core/dist/cssExtractHmr.js:109
[ 1062560ms] [ERROR] [webpack-dev-server] Errors while compiling. Reload prevented. @ webpack-internal:///./node_modules/webpack-dev-server/client/modules/logger/index.js:607
[ 1062560ms] [ERROR] [webpack-dev-server] ERROR in ./docs/01-网络安全/01-网络空间安全/03-安全体系/03-安全合法合规/互联网信息服务管理办法.md
  × Module build failed (from ./node_modules/@docusaurus/mdx-loader/lib/index.js):
  ╰─▶   × Error: Markdown include not found: _互联网信息服务管理办法原文.md (from /Users/feei/Documents/GitHub/feei.cn/docs/01-网络安全/01-网络空间安全/03-安全体系/03-安全合法合规/互联网信息服务管理办法.md)
        │     at /Users/feei/Documents/GitHub/feei.cn/plugins/markdownIncludes.ts:28:13
        │     at String.replace (<anonymous>)
        │     at expandMarkdownIncludes (/Users/feei/Documents/GitHub/feei.cn/plugins/markdownIncludes.ts:23:19)
        │     at Object.preprocessor (/Users/feei/Documents/GitHub/feei.cn/docusaurus.config.ts:24:225)
        │     at preprocessContent (/Users/feei/Documents/GitHub/feei.cn/node_modules/@docusaurus/mdx-loader/lib/preprocessor.js:19:38)
        │     at compileToJSX (/Users/feei/Documents/GitHub/feei.cn/node_modules/@docusaurus/mdx-loader/lib/utils.js:64:64)
        │     at loadMDX (/Users/feei/Documents/GitHub/feei.cn/node_modules/@docusaurus/mdx-loader/lib/loader.js:22:51)
      
 @ webpack-internal:///./node_modules/webpack-dev-server/client/modules/logger/index.js:607
[ 1062560ms] [ERROR] [webpack-dev-server] ERROR in ./docs/01-网络安全/01-网络空间安全/03-安全体系/03-安全合法合规/反电信网络诈骗法.md
  × Module build failed (from ./node_modules/@docusaurus/mdx-loader/lib/index.js):
  ╰─▶   × Error: Markdown include not found: _反电信网络诈骗法原文.md (from /Users/feei/Documents/GitHub/feei.cn/docs/01-网络安全/01-网络空间安全/03-安全体系/03-安全合法合规/反电信网络诈骗法.md)
        │     at /Users/feei/Documents/GitHub/feei.cn/plugins/markdownIncludes.ts:28:13
        │     at String.replace (<anonymous>)
        │     at expandMarkdownIncludes (/Users/feei/Documents/GitHub/feei.cn/plugins/markdownIncludes.ts:23:19)
        │     at Object.preprocessor (/Users/feei/Documents/GitHub/feei.cn/docusaurus.config.ts:24:225)
        │     at preprocessContent (/Users/feei/Documents/GitHub/feei.cn/node_modules/@docusaurus/mdx-loader/lib/preprocessor.js:19:38)
        │     at compileToJSX (/Users/feei/Documents/GitHub/feei.cn/node_modules/@docusaurus/mdx-loader/lib/utils.js:64:64)
        │     at loadMDX (/Users/feei/Documents/GitHub/feei.cn/node_modules/@docusaurus/mdx-loader/lib/loader.js:22:51)
      
 @ webpack-internal:///./node_modules/webpack-dev-server/client/modules/logger/index.js:607
[ 1062560ms] [ERROR] [webpack-dev-server] ERROR in ./docs/01-网络安全/01-网络空间安全/03-安全体系/03-安全合法合规/商业银行信息科技风险管理指引.md
  × Module build failed (from ./node_modules/@docusaurus/mdx-loader/lib/index.js):
  ╰─▶   × Error: Markdown include not found: _商业银行信息科技风险管理指引原文.md (from /Users/feei/Documents/GitHub/feei.cn/docs/01-网络安全/01-网络空间安全/03-安全体系/03-安全合法合规/商业银行信息科技风险管理指引.md)
        │     at /Users/feei/Documents/GitHub/feei.cn/plugins/markdownIncludes.ts:28:13
        │     at String.replace (<anonymous>)
        │     at expandMarkdownIncludes (/Users/feei/Documents/GitHub/feei.cn/plugins/markdownIncludes.ts:23:19)
        │     at Object.preprocessor (/Users/feei/Documents/GitHub/feei.cn/docusaurus.config.ts:24:225)
        │     at preprocessContent (/Users/feei/Documents/GitHub/feei.cn/node_modules/@docusaurus/mdx-loader/lib/preprocessor.js:19:38)
        │     at compileToJSX (/Users/feei/Documents/GitHub/feei.cn/node_modules/@docusaurus/mdx-loader/lib/utils.js:64:64)
        │     at loadMDX (/Users/feei/Documents/GitHub/feei.cn/node_modules/@docusaurus/mdx-loader/lib/loader.js:22:51)
      
 @ webpack-internal:///./node_modules/webpack-dev-server/client/modules/logger/index.js:607
[ 1062560ms] [ERROR] [webpack-dev-server] ERROR in ./docs/01-网络安全/01-网络空间安全/03-安全体系/03-安全合法合规/国家安全法.md
  × Module build failed (from ./node_modules/@docusaurus/mdx-loader/lib/index.js):
  ╰─▶   × Error: Markdown include not found: _国家安全法原文.md (from /Users/feei/Documents/GitHub/feei.cn/docs/01-网络安全/01-网络空间安全/03-安全体系/03-安全合法合规/国家安全法.md)
        │     at /Users/feei/Documents/GitHub/feei.cn/plugins/markdownIncludes.ts:28:13
        │     at String.replace (<anonymous>)
        │     at expandMarkdownIncludes (/Users/feei/Documents/GitHub/feei.cn/plugins/markdownIncludes.ts:23:19)
        │     at Object.preprocessor (/Users/feei/Documents/GitHub/feei.cn/docusaurus.config.ts:24:225)
        │     at preprocessContent (/Users/feei/Documents/GitHub/feei.cn/node_modules/@docusaurus/mdx-loader/lib/preprocessor.js:19:38)
        │     at compileToJSX (/Users/feei/Documents/GitHub/feei.cn/node_modules/@docusaurus/mdx-loader/lib/utils.js:64:64)
        │     at loadMDX (/Users/feei/Documents/GitHub/feei.cn/node_modules/@docusaurus/mdx-loader/lib/loader.js:22:51)
      
 @ webpack-internal:///./node_modules/webpack-dev-server/client/modules/logger/index.js:607
[ 1062560ms] [ERROR] [webpack-dev-server] ERROR in ./docs/01-网络安全/01-网络空间安全/03-安全体系/03-安全合法合规/常见类型App必要个人信息范围规定.md
  × Module build failed (from ./node_modules/@docusaurus/mdx-loader/lib/index.js):
  ╰─▶   × Error: Markdown include not found: _常见类型App必要个人信息范围规定原文.md (from /Users/feei/Documents/GitHub/feei.cn/docs/01-网络安全/01-网络空间安全/03-安全体系/03-安全合法合规/常见类型App必要个人信息范围规定.md)
        │     at /Users/feei/Documents/GitHub/feei.cn/plugins/markdownIncludes.ts:28:13
        │     at String.replace (<anonymous>)
        │     at expandMarkdownIncludes (/Users/feei/Documents/GitHub/feei.cn/plugins/markdownIncludes.ts:23:19)
        │     at Object.preprocessor (/Users/feei/Documents/GitHub/feei.cn/docusaurus.config.ts:24:225)
        │     at preprocessContent (/Users/feei/Documents/GitHub/feei.cn/node_modules/@docusaurus/mdx-loader/lib/preprocessor.js:19:38)
        │     at compileToJSX (/Users/feei/Documents/GitHub/feei.cn/node_modules/@docusaurus/mdx-loader/lib/utils.js:64:64)
        │     at loadMDX (/Users/feei/Documents/GitHub/feei.cn/node_modules/@docusaurus/mdx-loader/lib/loader.js:22:51)
      
 @ webpack-internal:///./node_modules/webpack-dev-server/client/modules/logger/index.js:607
[ 1062561ms] [ERROR] [webpack-dev-server] ERROR in ./docs/01-网络安全/01-网络空间安全/03-安全体系/03-安全合法合规/汽车数据安全管理若干规定.md
  × Module build failed (from ./node_modules/@docusaurus/mdx-loader/lib/index.js):
  ╰─▶   × Error: Markdown include not found: _汽车数据安全管理若干规定原文.md (from /Users/feei/Documents/GitHub/feei.cn/docs/01-网络安全/01-网络空间安全/03-安全体系/03-安全合法合规/汽车数据安全管理若干规定.md)
        │     at /Users/feei/Documents/GitHub/feei.cn/plugins/markdownIncludes.ts:28:13
        │     at String.replace (<anonymous>)
        │     at expandMarkdownIncludes (/Users/feei/Documents/GitHub/feei.cn/plugins/markdownIncludes.ts:23:19)
        │     at Object.preprocessor (/Users/feei/Documents/GitHub/feei.cn/docusaurus.config.ts:24:225)
        │     at preprocessContent (/Users/feei/Documents/GitHub/feei.cn/node_modules/@docusaurus/mdx-loader/lib/preprocessor.js:19:38)
        │     at compileToJSX (/Users/feei/Documents/GitHub/feei.cn/node_modules/@docusaurus/mdx-loader/lib/utils.js:64:64)
        │     at loadMDX (/Users/feei/Documents/GitHub/feei.cn/node_modules/@docusaurus/mdx-loader/lib/loader.js:22:51)
      
 @ webpack-internal:///./node_modules/webpack-dev-server/client/modules/logger/index.js:607
[ 1062561ms] [ERROR] [webpack-dev-server] ERROR in ./docs/01-网络安全/01-网络空间安全/03-安全体系/03-安全合法合规/银保监会数据安全管理办法.md
  × Module build failed (from ./node_modules/@docusaurus/mdx-loader/lib/index.js):
  ╰─▶   × Error: Markdown include not found: _银保监会数据安全管理办法原文.md (from /Users/feei/Documents/GitHub/feei.cn/docs/01-网络安全/01-网络空间安全/03-安全体系/03-安全合法合规/银保监会数据安全管理办法.md)
        │     at /Users/feei/Documents/GitHub/feei.cn/plugins/markdownIncludes.ts:28:13
        │     at String.replace (<anonymous>)
        │     at expandMarkdownIncludes (/Users/feei/Documents/GitHub/feei.cn/plugins/markdownIncludes.ts:23:19)
        │     at Object.preprocessor (/Users/feei/Documents/GitHub/feei.cn/docusaurus.config.ts:24:225)
        │     at preprocessContent (/Users/feei/Documents/GitHub/feei.cn/node_modules/@docusaurus/mdx-loader/lib/preprocessor.js:19:38)
        │     at compileToJSX (/Users/feei/Documents/GitHub/feei.cn/node_modules/@docusaurus/mdx-loader/lib/utils.js:64:64)
        │     at loadMDX (/Users/feei/Documents/GitHub/feei.cn/node_modules/@docusaurus/mdx-loader/lib/loader.js:22:51)
      
 @ webpack-internal:///./node_modules/webpack-dev-server/client/modules/logger/index.js:607
[ 1062561ms] [ERROR] [webpack-dev-server] ERROR in ./docs/01-网络安全/01-网络空间安全/03-安全体系/03-安全合法合规/银行保险机构数据安全管理办法.md
  × Module build failed (from ./node_modules/@docusaurus/mdx-loader/lib/index.js):
  ╰─▶   × Error: Markdown include not found: _银行保险机构数据安全管理办法原文.md (from /Users/feei/Documents/GitHub/feei.cn/docs/01-网络安全/01-网络空间安全/03-安全体系/03-安全合法合规/银行保险机构数据安全管理办法.md)
        │     at /Users/feei/Documents/GitHub/feei.cn/plugins/markdownIncludes.ts:28:13
        │     at String.replace (<anonymous>)
        │     at expandMarkdownIncludes (/Users/feei/Documents/GitHub/feei.cn/plugins/markdownIncludes.ts:23:19)
        │     at Object.preprocessor (/Users/feei/Documents/GitHub/feei.cn/docusaurus.config.ts:24:225)
        │     at preprocessContent (/Users/feei/Documents/GitHub/feei.cn/node_modules/@docusaurus/mdx-loader/lib/preprocessor.js:19:38)
        │     at compileToJSX (/Users/feei/Documents/GitHub/feei.cn/node_modules/@docusaurus/mdx-loader/lib/utils.js:64:64)
        │     at loadMDX (/Users/feei/Documents/GitHub/feei.cn/node_modules/@docusaurus/mdx-loader/lib/loader.js:22:51)
      
 @ webpack-internal:///./node_modules/webpack-dev-server/client/modules/logger/index.js:607
[ 1072468ms] [ERROR] [webpack-dev-server] Errors while compiling. Reload prevented. @ webpack-internal:///./node_modules/webpack-dev-server/client/modules/logger/index.js:607
[ 1072468ms] [ERROR] [webpack-dev-server] ERROR in ./docs/01-网络安全/01-网络空间安全/03-安全体系/03-安全合法合规/互联网信息服务管理办法.md
  × Module build failed (from ./node_modules/@docusaurus/mdx-loader/lib/index.js):
  ╰─▶   × Error: Markdown include not found: _互联网信息服务管理办法原文.md (from /Users/feei/Documents/GitHub/feei.cn/docs/01-网络安全/01-网络空间安全/03-安全体系/03-安全合法合规/互联网信息服务管理办法.md)
        │     at /Users/feei/Documents/GitHub/feei.cn/plugins/markdownIncludes.ts:28:13
        │     at String.replace (<anonymous>)
        │     at expandMarkdownIncludes (/Users/feei/Documents/GitHub/feei.cn/plugins/markdownIncludes.ts:23:19)
        │     at Object.preprocessor (/Users/feei/Documents/GitHub/feei.cn/docusaurus.config.ts:24:225)
        │     at preprocessContent (/Users/feei/Documents/GitHub/feei.cn/node_modules/@docusaurus/mdx-loader/lib/preprocessor.js:19:38)
        │     at compileToJSX (/Users/feei/Documents/GitHub/feei.cn/node_modules/@docusaurus/mdx-loader/lib/utils.js:64:64)
        │     at loadMDX (/Users/feei/Documents/GitHub/feei.cn/node_modules/@docusaurus/mdx-loader/lib/loader.js:22:51)
      
 @ webpack-internal:///./node_modules/webpack-dev-server/client/modules/logger/index.js:607
[ 1072468ms] [ERROR] [webpack-dev-server] ERROR in ./docs/01-网络安全/01-网络空间安全/03-安全体系/03-安全合法合规/反电信网络诈骗法.md
  × Module build failed (from ./node_modules/@docusaurus/mdx-loader/lib/index.js):
  ╰─▶   × Error: Markdown include not found: _反电信网络诈骗法原文.md (from /Users/feei/Documents/GitHub/feei.cn/docs/01-网络安全/01-网络空间安全/03-安全体系/03-安全合法合规/反电信网络诈骗法.md)
        │     at /Users/feei/Documents/GitHub/feei.cn/plugins/markdownIncludes.ts:28:13
        │     at String.replace (<anonymous>)
        │     at expandMarkdownIncludes (/Users/feei/Documents/GitHub/feei.cn/plugins/markdownIncludes.ts:23:19)
        │     at Object.preprocessor (/Users/feei/Documents/GitHub/feei.cn/docusaurus.config.ts:24:225)
        │     at preprocessContent (/Users/feei/Documents/GitHub/feei.cn/node_modules/@docusaurus/mdx-loader/lib/preprocessor.js:19:38)
        │     at compileToJSX (/Users/feei/Documents/GitHub/feei.cn/node_modules/@docusaurus/mdx-loader/lib/utils.js:64:64)
        │     at loadMDX (/Users/feei/Documents/GitHub/feei.cn/node_modules/@docusaurus/mdx-loader/lib/loader.js:22:51)
      
 @ webpack-internal:///./node_modules/webpack-dev-server/client/modules/logger/index.js:607
[ 1072468ms] [ERROR] [webpack-dev-server] ERROR in ./docs/01-网络安全/01-网络空间安全/03-安全体系/03-安全合法合规/商业银行信息科技风险管理指引.md
  × Module build failed (from ./node_modules/@docusaurus/mdx-loader/lib/index.js):
  ╰─▶   × Error: Markdown include not found: _商业银行信息科技风险管理指引原文.md (from /Users/feei/Documents/GitHub/feei.cn/docs/01-网络安全/01-网络空间安全/03-安全体系/03-安全合法合规/商业银行信息科技风险管理指引.md)
        │     at /Users/feei/Documents/GitHub/feei.cn/plugins/markdownIncludes.ts:28:13
        │     at String.replace (<anonymous>)
        │     at expandMarkdownIncludes (/Users/feei/Documents/GitHub/feei.cn/plugins/markdownIncludes.ts:23:19)
        │     at Object.preprocessor (/Users/feei/Documents/GitHub/feei.cn/docusaurus.config.ts:24:225)
        │     at preprocessContent (/Users/feei/Documents/GitHub/feei.cn/node_modules/@docusaurus/mdx-loader/lib/preprocessor.js:19:38)
        │     at compileToJSX (/Users/feei/Documents/GitHub/feei.cn/node_modules/@docusaurus/mdx-loader/lib/utils.js:64:64)
        │     at loadMDX (/Users/feei/Documents/GitHub/feei.cn/node_modules/@docusaurus/mdx-loader/lib/loader.js:22:51)
      
 @ webpack-internal:///./node_modules/webpack-dev-server/client/modules/logger/index.js:607
[ 1072468ms] [ERROR] [webpack-dev-server] ERROR in ./docs/01-网络安全/01-网络空间安全/03-安全体系/03-安全合法合规/国家安全法.md
  × Module build failed (from ./node_modules/@docusaurus/mdx-loader/lib/index.js):
  ╰─▶   × Error: Markdown include not found: _国家安全法原文.md (from /Users/feei/Documents/GitHub/feei.cn/docs/01-网络安全/01-网络空间安全/03-安全体系/03-安全合法合规/国家安全法.md)
        │     at /Users/feei/Documents/GitHub/feei.cn/plugins/markdownIncludes.ts:28:13
        │     at String.replace (<anonymous>)
        │     at expandMarkdownIncludes (/Users/feei/Documents/GitHub/feei.cn/plugins/markdownIncludes.ts:23:19)
        │     at Object.preprocessor (/Users/feei/Documents/GitHub/feei.cn/docusaurus.config.ts:24:225)
        │     at preprocessContent (/Users/feei/Documents/GitHub/feei.cn/node_modules/@docusaurus/mdx-loader/lib/preprocessor.js:19:38)
        │     at compileToJSX (/Users/feei/Documents/GitHub/feei.cn/node_modules/@docusaurus/mdx-loader/lib/utils.js:64:64)
        │     at loadMDX (/Users/feei/Documents/GitHub/feei.cn/node_modules/@docusaurus/mdx-loader/lib/loader.js:22:51)
      
 @ webpack-internal:///./node_modules/webpack-dev-server/client/modules/logger/index.js:607
[ 1072469ms] [ERROR] [webpack-dev-server] ERROR in ./docs/01-网络安全/01-网络空间安全/03-安全体系/03-安全合法合规/常见类型App必要个人信息范围规定.md
  × Module build failed (from ./node_modules/@docusaurus/mdx-loader/lib/index.js):
  ╰─▶   × Error: Markdown include not found: _常见类型App必要个人信息范围规定原文.md (from /Users/feei/Documents/GitHub/feei.cn/docs/01-网络安全/01-网络空间安全/03-安全体系/03-安全合法合规/常见类型App必要个人信息范围规定.md)
        │     at /Users/feei/Documents/GitHub/feei.cn/plugins/markdownIncludes.ts:28:13
        │     at String.replace (<anonymous>)
        │     at expandMarkdownIncludes (/Users/feei/Documents/GitHub/feei.cn/plugins/markdownIncludes.ts:23:19)
        │     at Object.preprocessor (/Users/feei/Documents/GitHub/feei.cn/docusaurus.config.ts:24:225)
        │     at preprocessContent (/Users/feei/Documents/GitHub/feei.cn/node_modules/@docusaurus/mdx-loader/lib/preprocessor.js:19:38)
        │     at compileToJSX (/Users/feei/Documents/GitHub/feei.cn/node_modules/@docusaurus/mdx-loader/lib/utils.js:64:64)
        │     at loadMDX (/Users/feei/Documents/GitHub/feei.cn/node_modules/@docusaurus/mdx-loader/lib/loader.js:22:51)
      
 @ webpack-internal:///./node_modules/webpack-dev-server/client/modules/logger/index.js:607
[ 1072469ms] [ERROR] [webpack-dev-server] ERROR in ./docs/01-网络安全/01-网络空间安全/03-安全体系/03-安全合法合规/汽车数据安全管理若干规定.md
  × Module build failed (from ./node_modules/@docusaurus/mdx-loader/lib/index.js):
  ╰─▶   × Error: Markdown include not found: _汽车数据安全管理若干规定原文.md (from /Users/feei/Documents/GitHub/feei.cn/docs/01-网络安全/01-网络空间安全/03-安全体系/03-安全合法合规/汽车数据安全管理若干规定.md)
        │     at /Users/feei/Documents/GitHub/feei.cn/plugins/markdownIncludes.ts:28:13
        │     at String.replace (<anonymous>)
        │     at expandMarkdownIncludes (/Users/feei/Documents/GitHub/feei.cn/plugins/markdownIncludes.ts:23:19)
        │     at Object.preprocessor (/Users/feei/Documents/GitHub/feei.cn/docusaurus.config.ts:24:225)
        │     at preprocessContent (/Users/feei/Documents/GitHub/feei.cn/node_modules/@docusaurus/mdx-loader/lib/preprocessor.js:19:38)
        │     at compileToJSX (/Users/feei/Documents/GitHub/feei.cn/node_modules/@docusaurus/mdx-loader/lib/utils.js:64:64)
        │     at loadMDX (/Users/feei/Documents/GitHub/feei.cn/node_modules/@docusaurus/mdx-loader/lib/loader.js:22:51)
      
 @ webpack-internal:///./node_modules/webpack-dev-server/client/modules/logger/index.js:607
[ 1072469ms] [ERROR] [webpack-dev-server] ERROR in ./docs/01-网络安全/01-网络空间安全/03-安全体系/03-安全合法合规/银保监会数据安全管理办法.md
  × Module build failed (from ./node_modules/@docusaurus/mdx-loader/lib/index.js):
  ╰─▶   × Error: Markdown include not found: _银保监会数据安全管理办法原文.md (from /Users/feei/Documents/GitHub/feei.cn/docs/01-网络安全/01-网络空间安全/03-安全体系/03-安全合法合规/银保监会数据安全管理办法.md)
        │     at /Users/feei/Documents/GitHub/feei.cn/plugins/markdownIncludes.ts:28:13
        │     at String.replace (<anonymous>)
        │     at expandMarkdownIncludes (/Users/feei/Documents/GitHub/feei.cn/plugins/markdownIncludes.ts:23:19)
        │     at Object.preprocessor (/Users/feei/Documents/GitHub/feei.cn/docusaurus.config.ts:24:225)
        │     at preprocessContent (/Users/feei/Documents/GitHub/feei.cn/node_modules/@docusaurus/mdx-loader/lib/preprocessor.js:19:38)
        │     at compileToJSX (/Users/feei/Documents/GitHub/feei.cn/node_modules/@docusaurus/mdx-loader/lib/utils.js:64:64)
        │     at loadMDX (/Users/feei/Documents/GitHub/feei.cn/node_modules/@docusaurus/mdx-loader/lib/loader.js:22:51)
      
 @ webpack-internal:///./node_modules/webpack-dev-server/client/modules/logger/index.js:607
[ 1072469ms] [ERROR] [webpack-dev-server] ERROR in ./docs/01-网络安全/01-网络空间安全/03-安全体系/03-安全合法合规/银行保险机构数据安全管理办法.md
  × Module build failed (from ./node_modules/@docusaurus/mdx-loader/lib/index.js):
  ╰─▶   × Error: Markdown include not found: _银行保险机构数据安全管理办法原文.md (from /Users/feei/Documents/GitHub/feei.cn/docs/01-网络安全/01-网络空间安全/03-安全体系/03-安全合法合规/银行保险机构数据安全管理办法.md)
        │     at /Users/feei/Documents/GitHub/feei.cn/plugins/markdownIncludes.ts:28:13
        │     at String.replace (<anonymous>)
        │     at expandMarkdownIncludes (/Users/feei/Documents/GitHub/feei.cn/plugins/markdownIncludes.ts:23:19)
        │     at Object.preprocessor (/Users/feei/Documents/GitHub/feei.cn/docusaurus.config.ts:24:225)
        │     at preprocessContent (/Users/feei/Documents/GitHub/feei.cn/node_modules/@docusaurus/mdx-loader/lib/preprocessor.js:19:38)
        │     at compileToJSX (/Users/feei/Documents/GitHub/feei.cn/node_modules/@docusaurus/mdx-loader/lib/utils.js:64:64)
        │     at loadMDX (/Users/feei/Documents/GitHub/feei.cn/node_modules/@docusaurus/mdx-loader/lib/loader.js:22:51)
      
 @ webpack-internal:///./node_modules/webpack-dev-server/client/modules/logger/index.js:607
[171467991ms] [ERROR] [webpack-dev-server] Errors while compiling. Reload prevented. @ webpack-internal:///./node_modules/webpack-dev-server/client/modules/logger/index.js:607
[171467996ms] [ERROR] [webpack-dev-server] ERROR in ./docs/01-网络安全/01-网络空间安全/03-安全体系/03-安全合法合规/互联网信息服务管理办法.md
  × Module build failed (from ./node_modules/@docusaurus/mdx-loader/lib/index.js):
  ╰─▶   × Error: Markdown include not found: _互联网信息服务管理办法原文.md (from /Users/feei/Documents/GitHub/feei.cn/docs/01-网络安全/01-网络空间安全/03-安全体系/03-安全合法合规/互联网信息服务管理办法.md)
        │     at /Users/feei/Documents/GitHub/feei.cn/plugins/markdownIncludes.ts:28:13
        │     at String.replace (<anonymous>)
        │     at expandMarkdownIncludes (/Users/feei/Documents/GitHub/feei.cn/plugins/markdownIncludes.ts:23:19)
        │     at Object.preprocessor (/Users/feei/Documents/GitHub/feei.cn/docusaurus.config.ts:24:225)
        │     at preprocessContent (/Users/feei/Documents/GitHub/feei.cn/node_modules/@docusaurus/mdx-loader/lib/preprocessor.js:19:38)
        │     at compileToJSX (/Users/feei/Documents/GitHub/feei.cn/node_modules/@docusaurus/mdx-loader/lib/utils.js:64:64)
        │     at loadMDX (/Users/feei/Documents/GitHub/feei.cn/node_modules/@docusaurus/mdx-loader/lib/loader.js:22:51)
      
 @ webpack-internal:///./node_modules/webpack-dev-server/client/modules/logger/index.js:607
[171467997ms] [ERROR] [webpack-dev-server] ERROR in ./docs/01-网络安全/01-网络空间安全/03-安全体系/03-安全合法合规/反电信网络诈骗法.md
  × Module build failed (from ./node_modules/@docusaurus/mdx-loader/lib/index.js):
  ╰─▶   × Error: Markdown include not found: _反电信网络诈骗法原文.md (from /Users/feei/Documents/GitHub/feei.cn/docs/01-网络安全/01-网络空间安全/03-安全体系/03-安全合法合规/反电信网络诈骗法.md)
        │     at /Users/feei/Documents/GitHub/feei.cn/plugins/markdownIncludes.ts:28:13
        │     at String.replace (<anonymous>)
        │     at expandMarkdownIncludes (/Users/feei/Documents/GitHub/feei.cn/plugins/markdownIncludes.ts:23:19)
        │     at Object.preprocessor (/Users/feei/Documents/GitHub/feei.cn/docusaurus.config.ts:24:225)
        │     at preprocessContent (/Users/feei/Documents/GitHub/feei.cn/node_modules/@docusaurus/mdx-loader/lib/preprocessor.js:19:38)
        │     at compileToJSX (/Users/feei/Documents/GitHub/feei.cn/node_modules/@docusaurus/mdx-loader/lib/utils.js:64:64)
        │     at loadMDX (/Users/feei/Documents/GitHub/feei.cn/node_modules/@docusaurus/mdx-loader/lib/loader.js:22:51)
      
 @ webpack-internal:///./node_modules/webpack-dev-server/client/modules/logger/index.js:607
[171467997ms] [ERROR] [webpack-dev-server] ERROR in ./docs/01-网络安全/01-网络空间安全/03-安全体系/03-安全合法合规/商业银行信息科技风险管理指引.md
  × Module build failed (from ./node_modules/@docusaurus/mdx-loader/lib/index.js):
  ╰─▶   × Error: Markdown include not found: _商业银行信息科技风险管理指引原文.md (from /Users/feei/Documents/GitHub/feei.cn/docs/01-网络安全/01-网络空间安全/03-安全体系/03-安全合法合规/商业银行信息科技风险管理指引.md)
        │     at /Users/feei/Documents/GitHub/feei.cn/plugins/markdownIncludes.ts:28:13
        │     at String.replace (<anonymous>)
        │     at expandMarkdownIncludes (/Users/feei/Documents/GitHub/feei.cn/plugins/markdownIncludes.ts:23:19)
        │     at Object.preprocessor (/Users/feei/Documents/GitHub/feei.cn/docusaurus.config.ts:24:225)
        │     at preprocessContent (/Users/feei/Documents/GitHub/feei.cn/node_modules/@docusaurus/mdx-loader/lib/preprocessor.js:19:38)
        │     at compileToJSX (/Users/feei/Documents/GitHub/feei.cn/node_modules/@docusaurus/mdx-loader/lib/utils.js:64:64)
        │     at loadMDX (/Users/feei/Documents/GitHub/feei.cn/node_modules/@docusaurus/mdx-loader/lib/loader.js:22:51)
      
 @ webpack-internal:///./node_modules/webpack-dev-server/client/modules/logger/index.js:607
[171467997ms] [ERROR] [webpack-dev-server] ERROR in ./docs/01-网络安全/01-网络空间安全/03-安全体系/03-安全合法合规/国家安全法.md
  × Module build failed (from ./node_modules/@docusaurus/mdx-loader/lib/index.js):
  ╰─▶   × Error: Markdown include not found: _国家安全法原文.md (from /Users/feei/Documents/GitHub/feei.cn/docs/01-网络安全/01-网络空间安全/03-安全体系/03-安全合法合规/国家安全法.md)
        │     at /Users/feei/Documents/GitHub/feei.cn/plugins/markdownIncludes.ts:28:13
        │     at String.replace (<anonymous>)
        │     at expandMarkdownIncludes (/Users/feei/Documents/GitHub/feei.cn/plugins/markdownIncludes.ts:23:19)
        │     at Object.preprocessor (/Users/feei/Documents/GitHub/feei.cn/docusaurus.config.ts:24:225)
        │     at preprocessContent (/Users/feei/Documents/GitHub/feei.cn/node_modules/@docusaurus/mdx-loader/lib/preprocessor.js:19:38)
        │     at compileToJSX (/Users/feei/Documents/GitHub/feei.cn/node_modules/@docusaurus/mdx-loader/lib/utils.js:64:64)
        │     at loadMDX (/Users/feei/Documents/GitHub/feei.cn/node_modules/@docusaurus/mdx-loader/lib/loader.js:22:51)
      
 @ webpack-internal:///./node_modules/webpack-dev-server/client/modules/logger/index.js:607
[171467997ms] [ERROR] [webpack-dev-server] ERROR in ./docs/01-网络安全/01-网络空间安全/03-安全体系/03-安全合法合规/常见类型App必要个人信息范围规定.md
  × Module build failed (from ./node_modules/@docusaurus/mdx-loader/lib/index.js):
  ╰─▶   × Error: Markdown include not found: _常见类型App必要个人信息范围规定原文.md (from /Users/feei/Documents/GitHub/feei.cn/docs/01-网络安全/01-网络空间安全/03-安全体系/03-安全合法合规/常见类型App必要个人信息范围规定.md)
        │     at /Users/feei/Documents/GitHub/feei.cn/plugins/markdownIncludes.ts:28:13
        │     at String.replace (<anonymous>)
        │     at expandMarkdownIncludes (/Users/feei/Documents/GitHub/feei.cn/plugins/markdownIncludes.ts:23:19)
        │     at Object.preprocessor (/Users/feei/Documents/GitHub/feei.cn/docusaurus.config.ts:24:225)
        │     at preprocessContent (/Users/feei/Documents/GitHub/feei.cn/node_modules/@docusaurus/mdx-loader/lib/preprocessor.js:19:38)
        │     at compileToJSX (/Users/feei/Documents/GitHub/feei.cn/node_modules/@docusaurus/mdx-loader/lib/utils.js:64:64)
        │     at loadMDX (/Users/feei/Documents/GitHub/feei.cn/node_modules/@docusaurus/mdx-loader/lib/loader.js:22:51)
      
 @ webpack-internal:///./node_modules/webpack-dev-server/client/modules/logger/index.js:607
[171467997ms] [ERROR] [webpack-dev-server] ERROR in ./docs/01-网络安全/01-网络空间安全/03-安全体系/03-安全合法合规/汽车数据安全管理若干规定.md
  × Module build failed (from ./node_modules/@docusaurus/mdx-loader/lib/index.js):
  ╰─▶   × Error: Markdown include not found: _汽车数据安全管理若干规定原文.md (from /Users/feei/Documents/GitHub/feei.cn/docs/01-网络安全/01-网络空间安全/03-安全体系/03-安全合法合规/汽车数据安全管理若干规定.md)
        │     at /Users/feei/Documents/GitHub/feei.cn/plugins/markdownIncludes.ts:28:13
        │     at String.replace (<anonymous>)
        │     at expandMarkdownIncludes (/Users/feei/Documents/GitHub/feei.cn/plugins/markdownIncludes.ts:23:19)
        │     at Object.preprocessor (/Users/feei/Documents/GitHub/feei.cn/docusaurus.config.ts:24:225)
        │     at preprocessContent (/Users/feei/Documents/GitHub/feei.cn/node_modules/@docusaurus/mdx-loader/lib/preprocessor.js:19:38)
        │     at compileToJSX (/Users/feei/Documents/GitHub/feei.cn/node_modules/@docusaurus/mdx-loader/lib/utils.js:64:64)
        │     at loadMDX (/Users/feei/Documents/GitHub/feei.cn/node_modules/@docusaurus/mdx-loader/lib/loader.js:22:51)
      
 @ webpack-internal:///./node_modules/webpack-dev-server/client/modules/logger/index.js:607
[171467997ms] [ERROR] [webpack-dev-server] ERROR in ./docs/01-网络安全/01-网络空间安全/03-安全体系/03-安全合法合规/银保监会数据安全管理办法.md
  × Module build failed (from ./node_modules/@docusaurus/mdx-loader/lib/index.js):
  ╰─▶   × Error: Markdown include not found: _银保监会数据安全管理办法原文.md (from /Users/feei/Documents/GitHub/feei.cn/docs/01-网络安全/01-网络空间安全/03-安全体系/03-安全合法合规/银保监会数据安全管理办法.md)
        │     at /Users/feei/Documents/GitHub/feei.cn/plugins/markdownIncludes.ts:28:13
        │     at String.replace (<anonymous>)
        │     at expandMarkdownIncludes (/Users/feei/Documents/GitHub/feei.cn/plugins/markdownIncludes.ts:23:19)
        │     at Object.preprocessor (/Users/feei/Documents/GitHub/feei.cn/docusaurus.config.ts:24:225)
        │     at preprocessContent (/Users/feei/Documents/GitHub/feei.cn/node_modules/@docusaurus/mdx-loader/lib/preprocessor.js:19:38)
        │     at compileToJSX (/Users/feei/Documents/GitHub/feei.cn/node_modules/@docusaurus/mdx-loader/lib/utils.js:64:64)
        │     at loadMDX (/Users/feei/Documents/GitHub/feei.cn/node_modules/@docusaurus/mdx-loader/lib/loader.js:22:51)
      
 @ webpack-internal:///./node_modules/webpack-dev-server/client/modules/logger/index.js:607
[171467997ms] [ERROR] [webpack-dev-server] ERROR in ./docs/01-网络安全/01-网络空间安全/03-安全体系/03-安全合法合规/银行保险机构数据安全管理办法.md
  × Module build failed (from ./node_modules/@docusaurus/mdx-loader/lib/index.js):
  ╰─▶   × Error: Markdown include not found: _银行保险机构数据安全管理办法原文.md (from /Users/feei/Documents/GitHub/feei.cn/docs/01-网络安全/01-网络空间安全/03-安全体系/03-安全合法合规/银行保险机构数据安全管理办法.md)
        │     at /Users/feei/Documents/GitHub/feei.cn/plugins/markdownIncludes.ts:28:13
        │     at String.replace (<anonymous>)
        │     at expandMarkdownIncludes (/Users/feei/Documents/GitHub/feei.cn/plugins/markdownIncludes.ts:23:19)
        │     at Object.preprocessor (/Users/feei/Documents/GitHub/feei.cn/docusaurus.config.ts:24:225)
        │     at preprocessContent (/Users/feei/Documents/GitHub/feei.cn/node_modules/@docusaurus/mdx-loader/lib/preprocessor.js:19:38)
        │     at compileToJSX (/Users/feei/Documents/GitHub/feei.cn/node_modules/@docusaurus/mdx-loader/lib/utils.js:64:64)
        │     at loadMDX (/Users/feei/Documents/GitHub/feei.cn/node_modules/@docusaurus/mdx-loader/lib/loader.js:22:51)
      
 @ webpack-internal:///./node_modules/webpack-dev-server/client/modules/logger/index.js:607
[173398132ms] [ERROR] WebSocket connection to 'ws://localhost:3000/ws' failed: Error in connection establishment: net::ERR_CONNECTION_REFUSED @ webpack-internal:///./node_modules/webpack-dev-server/client/clients/WebSocketClient.js:24
[173398133ms] [ERROR] [webpack-dev-server] Event @ webpack-internal:///./node_modules/webpack-dev-server/client/modules/logger/index.js:607
[173400153ms] [ERROR] WebSocket connection to 'ws://localhost:3000/ws' failed: Error in connection establishment: net::ERR_CONNECTION_REFUSED @ webpack-internal:///./node_modules/webpack-dev-server/client/clients/WebSocketClient.js:24
[173400153ms] [ERROR] [webpack-dev-server] Event @ webpack-internal:///./node_modules/webpack-dev-server/client/modules/logger/index.js:607
[173404246ms] [ERROR] WebSocket connection to 'ws://localhost:3000/ws' failed: Error in connection establishment: net::ERR_CONNECTION_REFUSED @ webpack-internal:///./node_modules/webpack-dev-server/client/clients/WebSocketClient.js:24
[173404246ms] [ERROR] [webpack-dev-server] Event @ webpack-internal:///./node_modules/webpack-dev-server/client/modules/logger/index.js:607
[173412332ms] [ERROR] WebSocket connection to 'ws://localhost:3000/ws' failed: Error in connection establishment: net::ERR_CONNECTION_REFUSED @ webpack-internal:///./node_modules/webpack-dev-server/client/clients/WebSocketClient.js:24
[173412332ms] [ERROR] [webpack-dev-server] Event @ webpack-internal:///./node_modules/webpack-dev-server/client/modules/logger/index.js:607
[173425915ms] [INFO] %cDownload the React DevTools for a better development experience: https://react.dev/link/react-devtools font-weight:bold @ webpack-internal:///./node_modules/react-dom/cjs/react-dom-client.development.js:28003
[173595300ms] [LOG] [HMR] Reload all CSS @ webpack-internal:///./node_modules/@rspack/core/dist/cssExtractHmr.js:109
[173999929ms] [ERROR] [webpack-dev-server] Errors while compiling. Reload prevented. @ webpack-internal:///./node_modules/webpack-dev-server/client/modules/logger/index.js:607
[173999973ms] [ERROR] [webpack-dev-server] ERROR
  ×   Error: Child compilation failed:
  │     × Module not found: Can't resolve '/Users/feei/Documents/GitHub/feei.cn/node_modules/@docusauru  s/core/lib/webpack/templates/dev.html.template.ejs' in '/Users/feei/Documents/GitHub/feei.cn  '
  │ 
  │   - child-compiler.js:211
  │     [feei.cn]/[html-webpack-plugin]/lib/child-compiler.js:211:18
  │ 
  │   - index.js:10912 finalCallback
  │     [feei.cn]/[@rspack]/core/dist/index.js:10912:21
  │ 
  │   - index.js:10923
  │     [feei.cn]/[@rspack]/core/dist/index.js:10923:24
  │ 
  │   - index.js:10957
  │     [feei.cn]/[@rspack]/core/dist/index.js:10957:184
  │ 
  │   - index.cjs:426 done
  │     [feei.cn]/[@rspack]/lite-tapable/dist/index.cjs:426:13
  │ 
  │   - index.cjs:432 AsyncSeriesHook.callAsyncStageRange
  │     [feei.cn]/[@rspack]/lite-tapable/dist/index.cjs:432:46
  │ 
  │   - index.cjs:101 AsyncSeriesHook.callAsync
  │     [feei.cn]/[@rspack]/lite-tapable/dist/index.cjs:101:21
  │ 
  │   - index.js:10957
  │     [feei.cn]/[@rspack]/core/dist/index.js:10957:126
  │ 
  │ 
 @ webpack-internal:///./node_modules/webpack-dev-server/client/modules/logger/index.js:607
[174004467ms] [ERROR] [webpack-dev-server] Errors while compiling. Reload prevented. @ webpack-internal:///./node_modules/webpack-dev-server/client/modules/logger/index.js:607
[174004482ms] [ERROR] [webpack-dev-server] ERROR in ./node_modules/@docusaurus/theme-classic/lib/nprogress.css
  × Module build failed (from ./node_modules/@rspack/core/dist/cssExtractLoader.js):
  ╰─▶   × Error: Module build failed (from ./node_modules/postcss-loader/dist/cjs.js):
        │     at /Users/feei/Documents/GitHub/feei.cn/node_modules/@rspack/core/dist/index.js:3331:107
      
 @ webpack-internal:///./node_modules/webpack-dev-server/client/modules/logger/index.js:607
[174004482ms] [ERROR] [webpack-dev-server] ERROR in ./node_modules/@docusaurus/core/lib/client/BaseUrlIssueBanner/styles.module.css
  × Module build failed (from ./node_modules/@rspack/core/dist/cssExtractLoader.js):
  ╰─▶   × Error: Module build failed (from ./node_modules/postcss-loader/dist/cjs.js):
        │     at /Users/feei/Documents/GitHub/feei.cn/node_modules/@rspack/core/dist/index.js:3331:107
      
 @ webpack-internal:///./node_modules/webpack-dev-server/client/modules/logger/index.js:607
[174004482ms] [ERROR] [webpack-dev-server] ERROR in ./node_modules/@docusaurus/plugin-debug/lib/theme/DebugJsonView/styles.module.css
  × Module build failed (from ./node_modules/@rspack/core/dist/cssExtractLoader.js):
  ╰─▶   × Error: Module build failed (from ./node_modules/postcss-loader/dist/cjs.js):
        │     at /Users/feei/Documents/GitHub/feei.cn/node_modules/@rspack/core/dist/index.js:3331:107
      
 @ webpack-internal:///./node_modules/webpack-dev-server/client/modules/logger/index.js:607
[174004482ms] [ERROR] [webpack-dev-server] ERROR in ./node_modules/@docusaurus/plugin-debug/lib/theme/DebugLayout/styles.module.css
  × Module build failed (from ./node_modules/@rspack/core/dist/cssExtractLoader.js):
  ╰─▶   × Error: Module build failed (from ./node_modules/postcss-loader/dist/cjs.js):
        │     at /Users/feei/Documents/GitHub/feei.cn/node_modules/@rspack/core/dist/index.js:3331:107
      
 @ webpack-internal:///./node_modules/webpack-dev-server/client/modules/logger/index.js:607
[174004483ms] [ERROR] [webpack-dev-server] ERROR in ./node_modules/@docusaurus/plugin-debug/lib/theme/DebugRegistry/styles.module.css
  × Module build failed (from ./node_modules/@rspack/core/dist/cssExtractLoader.js):
  ╰─▶   × Error: Module build failed (from ./node_modules/postcss-loader/dist/cjs.js):
        │     at /Users/feei/Documents/GitHub/feei.cn/node_modules/@rspack/core/dist/index.js:3331:107
      
 @ webpack-internal:///./node_modules/webpack-dev-server/client/modules/logger/index.js:607
[174004483ms] [ERROR] [webpack-dev-server] ERROR in ./node_modules/@docusaurus/plugin-debug/lib/theme/DebugRoutes/styles.module.css
  × Module build failed (from ./node_modules/@rspack/core/dist/cssExtractLoader.js):
  ╰─▶   × Error: Module build failed (from ./node_modules/postcss-loader/dist/cjs.js):
        │     at /Users/feei/Documents/GitHub/feei.cn/node_modules/@rspack/core/dist/index.js:3331:107
      
 @ webpack-internal:///./node_modules/webpack-dev-server/client/modules/logger/index.js:607
[174004483ms] [ERROR] [webpack-dev-server] ERROR in ./node_modules/@docusaurus/plugin-debug/lib/theme/DebugSiteMetadata/styles.module.css
  × Module build failed (from ./node_modules/@rspack/core/dist/cssExtractLoader.js):
  ╰─▶   × Error: Module build failed (from ./node_modules/postcss-loader/dist/cjs.js):
        │     at /Users/feei/Documents/GitHub/feei.cn/node_modules/@rspack/core/dist/index.js:3331:107
      
 @ webpack-internal:///./node_modules/webpack-dev-server/client/modules/logger/index.js:607
[174004483ms] [ERROR] [webpack-dev-server] ERROR in ./node_modules/@docusaurus/theme-classic/lib/theme/Admonition/Layout/styles.module.css
  × Module build failed (from ./node_modules/@rspack/core/dist/cssExtractLoader.js):
  ╰─▶   × Error: Module build failed (from ./node_modules/postcss-loader/dist/cjs.js):
        │     at /Users/feei/Documents/GitHub/feei.cn/node_modules/@rspack/core/dist/index.js:3331:107
      
 @ webpack-internal:///./node_modules/webpack-dev-server/client/modules/logger/index.js:607
[174004483ms] [ERROR] [webpack-dev-server] ERROR in ./node_modules/@docusaurus/theme-classic/lib/theme/AnnouncementBar/CloseButton/styles.module.css
  × Module build failed (from ./node_modules/@rspack/core/dist/cssExtractLoader.js):
  ╰─▶   × Error: Module build failed (from ./node_modules/postcss-loader/dist/cjs.js):
        │     at /Users/feei/Documents/GitHub/feei.cn/node_modules/@rspack/core/dist/index.js:3331:107
      
 @ webpack-internal:///./node_modules/webpack-dev-server/client/modules/logger/index.js:607
[174004483ms] [ERROR] [webpack-dev-server] ERROR in ./node_modules/@docusaurus/theme-classic/lib/theme/AnnouncementBar/Content/styles.module.css
  × Module build failed (from ./node_modules/@rspack/core/dist/cssExtractLoader.js):
  ╰─▶   × Error: Module build failed (from ./node_modules/postcss-loader/dist/cjs.js):
        │     at /Users/feei/Documents/GitHub/feei.cn/node_modules/@rspack/core/dist/index.js:3331:107
      
 @ webpack-internal:///./node_modules/webpack-dev-server/client/modules/logger/index.js:607
[174004483ms] [ERROR] [webpack-dev-server] ERROR in ./node_modules/@docusaurus/theme-classic/lib/theme/AnnouncementBar/styles.module.css
  × Module build failed (from ./node_modules/@rspack/core/dist/cssExtractLoader.js):
  ╰─▶   × Error: Module build failed (from ./node_modules/postcss-loader/dist/cjs.js):
        │     at /Users/feei/Documents/GitHub/feei.cn/node_modules/@rspack/core/dist/index.js:3331:107
      
 @ webpack-internal:///./node_modules/webpack-dev-server/client/modules/logger/index.js:607
[174004483ms] [ERROR] [webpack-dev-server] ERROR in ./node_modules/@docusaurus/theme-classic/lib/theme/BackToTopButton/styles.module.css
  × Module build failed (from ./node_modules/@rspack/core/dist/cssExtractLoader.js):
  ╰─▶   × Error: Module build failed (from ./node_modules/postcss-loader/dist/cjs.js):
        │     at /Users/feei/Documents/GitHub/feei.cn/node_modules/@rspack/core/dist/index.js:3331:107
      
 @ webpack-internal:///./node_modules/webpack-dev-server/client/modules/logger/index.js:607
[174004483ms] [ERROR] [webpack-dev-server] ERROR in ./node_modules/@docusaurus/theme-classic/lib/theme/CodeBlock/Buttons/CopyButton/styles.module.css
  × Module build failed (from ./node_modules/@rspack/core/dist/cssExtractLoader.js):
  ╰─▶   × Error: Module build failed (from ./node_modules/postcss-loader/dist/cjs.js):
        │     at /Users/feei/Documents/GitHub/feei.cn/node_modules/@rspack/core/dist/index.js:3331:107
      
 @ webpack-internal:///./node_modules/webpack-dev-server/client/modules/logger/index.js:607
[174004483ms] [ERROR] [webpack-dev-server] ERROR in ./node_modules/@docusaurus/theme-classic/lib/theme/CodeBlock/Buttons/WordWrapButton/styles.module.css
  × Module build failed (from ./node_modules/@rspack/core/dist/cssExtractLoader.js):
  ╰─▶   × Error: Module build failed (from ./node_modules/postcss-loader/dist/cjs.js):
        │     at /Users/feei/Documents/GitHub/feei.cn/node_modules/@rspack/core/dist/index.js:3331:107
      
 @ webpack-internal:///./node_modules/webpack-dev-server/client/modules/logger/index.js:607
[174004483ms] [ERROR] [webpack-dev-server] ERROR in ./node_modules/@docusaurus/theme-classic/lib/theme/CodeBlock/Buttons/styles.module.css
  × Module build failed (from ./node_modules/@rspack/core/dist/cssExtractLoader.js):
  ╰─▶   × Error: Module build failed (from ./node_modules/postcss-loader/dist/cjs.js):
        │     at /Users/feei/Documents/GitHub/feei.cn/node_modules/@rspack/core/dist/index.js:3331:107
      
 @ webpack-internal:///./node_modules/webpack-dev-server/client/modules/logger/index.js:607
[174004484ms] [ERROR] [webpack-dev-server] ERROR in ./node_modules/@docusaurus/theme-classic/lib/theme/CodeBlock/Container/styles.module.css
  × Module build failed (from ./node_modules/@rspack/core/dist/cssExtractLoader.js):
  ╰─▶   × Error: Module build failed (from ./node_modules/postcss-loader/dist/cjs.js):
        │     at /Users/feei/Documents/GitHub/feei.cn/node_modules/@rspack/core/dist/index.js:3331:107
      
 @ webpack-internal:///./node_modules/webpack-dev-server/client/modules/logger/index.js:607
[174004484ms] [ERROR] [webpack-dev-server] ERROR in ./node_modules/@docusaurus/theme-classic/lib/theme/CodeBlock/Content/styles.module.css
  × Module build failed (from ./node_modules/@rspack/core/dist/cssExtractLoader.js):
  ╰─▶   × Error: Module build failed (from ./node_modules/postcss-loader/dist/cjs.js):
        │     at /Users/feei/Documents/GitHub/feei.cn/node_modules/@rspack/core/dist/index.js:3331:107
      
 @ webpack-internal:///./node_modules/webpack-dev-server/client/modules/logger/index.js:607
[174004484ms] [ERROR] [webpack-dev-server] ERROR in ./node_modules/@docusaurus/theme-classic/lib/theme/CodeBlock/Layout/styles.module.css
  × Module build failed (from ./node_modules/@rspack/core/dist/cssExtractLoader.js):
  ╰─▶   × Error: Module build failed (from ./node_modules/postcss-loader/dist/cjs.js):
        │     at /Users/feei/Documents/GitHub/feei.cn/node_modules/@rspack/core/dist/index.js:3331:107
      
 @ webpack-internal:///./node_modules/webpack-dev-server/client/modules/logger/index.js:607
[174004484ms] [ERROR] [webpack-dev-server] ERROR in ./node_modules/@docusaurus/theme-classic/lib/theme/CodeBlock/Line/styles.module.css
  × Module build failed (from ./node_modules/@rspack/core/dist/cssExtractLoader.js):
  ╰─▶   × Error: Module build failed (from ./node_modules/postcss-loader/dist/cjs.js):
        │     at /Users/feei/Documents/GitHub/feei.cn/node_modules/@rspack/core/dist/index.js:3331:107
      
 @ webpack-internal:///./node_modules/webpack-dev-server/client/modules/logger/index.js:607
[174004484ms] [ERROR] [webpack-dev-server] ERROR in ./node_modules/@docusaurus/theme-classic/lib/theme/ColorModeToggle/styles.module.css
  × Module build failed (from ./node_modules/@rspack/core/dist/cssExtractLoader.js):
  ╰─▶   × Error: Module build failed (from ./node_modules/postcss-loader/dist/cjs.js):
        │     at /Users/feei/Documents/GitHub/feei.cn/node_modules/@rspack/core/dist/index.js:3331:107
      
 @ webpack-internal:///./node_modules/webpack-dev-server/client/modules/logger/index.js:607
[174004484ms] [ERROR] [webpack-dev-server] ERROR in ./node_modules/@docusaurus/theme-classic/lib/theme/Details/styles.module.css
  × Module build failed (from ./node_modules/@rspack/core/dist/cssExtractLoader.js):
  ╰─▶   × Error: Module build failed (from ./node_modules/postcss-loader/dist/cjs.js):
        │     at /Users/feei/Documents/GitHub/feei.cn/node_modules/@rspack/core/dist/index.js:3331:107
      
 @ webpack-internal:///./node_modules/webpack-dev-server/client/modules/logger/index.js:607
[174004484ms] [ERROR] [webpack-dev-server] ERROR in ./node_modules/@docusaurus/theme-classic/lib/theme/DocBreadcrumbs/styles.module.css
  × Module build failed (from ./node_modules/@rspack/core/dist/cssExtractLoader.js):
  ╰─▶   × Error: Module build failed (from ./node_modules/postcss-loader/dist/cjs.js):
        │     at /Users/feei/Documents/GitHub/feei.cn/node_modules/@rspack/core/dist/index.js:3331:107
      
 @ webpack-internal:///./node_modules/webpack-dev-server/client/modules/logger/index.js:607
[174004484ms] [ERROR] [webpack-dev-server] ERROR in ./node_modules/@docusaurus/theme-classic/lib/theme/DocItem/Layout/styles.module.css
  × Module build failed (from ./node_modules/@rspack/core/dist/cssExtractLoader.js):
  ╰─▶   × Error: Module build failed (from ./node_modules/postcss-loader/dist/cjs.js):
        │     at /Users/feei/Documents/GitHub/feei.cn/node_modules/@rspack/core/dist/index.js:3331:107
      
 @ webpack-internal:///./node_modules/webpack-dev-server/client/modules/logger/index.js:607
[174004484ms] [ERROR] [webpack-dev-server] ERROR in ./node_modules/@docusaurus/theme-classic/lib/theme/DocItem/TOC/Mobile/styles.module.css
  × Module build failed (from ./node_modules/@rspack/core/dist/cssExtractLoader.js):
  ╰─▶   × Error: Module build failed (from ./node_modules/postcss-loader/dist/cjs.js):
        │     at /Users/feei/Documents/GitHub/feei.cn/node_modules/@rspack/core/dist/index.js:3331:107
      
 @ webpack-internal:///./node_modules/webpack-dev-server/client/modules/logger/index.js:607
[174004484ms] [ERROR] [webpack-dev-server] ERROR in ./node_modules/@docusaurus/theme-classic/lib/theme/DocRoot/Layout/Main/styles.module.css
  × Module build failed (from ./node_modules/@rspack/core/dist/cssExtractLoader.js):
  ╰─▶   × Error: Module build failed (from ./node_modules/postcss-loader/dist/cjs.js):
        │     at /Users/feei/Documents/GitHub/feei.cn/node_modules/@rspack/core/dist/index.js:3331:107
      
 @ webpack-internal:///./node_modules/webpack-dev-server/client/modules/logger/index.js:607
[174004484ms] [ERROR] [webpack-dev-server] ERROR in ./node_modules/@docusaurus/theme-classic/lib/theme/DocRoot/Layout/Sidebar/ExpandButton/styles.module.css
  × Module build failed (from ./node_modules/@rspack/core/dist/cssExtractLoader.js):
  ╰─▶   × Error: Module build failed (from ./node_modules/postcss-loader/dist/cjs.js):
        │     at /Users/feei/Documents/GitHub/feei.cn/node_modules/@rspack/core/dist/index.js:3331:107
      
 @ webpack-internal:///./node_modules/webpack-dev-server/client/modules/logger/index.js:607
[174004484ms] [ERROR] [webpack-dev-server] ERROR in ./node_modules/@docusaurus/theme-classic/lib/theme/DocRoot/Layout/Sidebar/styles.module.css
  × Module build failed (from ./node_modules/@rspack/core/dist/cssExtractLoader.js):
  ╰─▶   × Error: Module build failed (from ./node_modules/postcss-loader/dist/cjs.js):
        │     at /Users/feei/Documents/GitHub/feei.cn/node_modules/@rspack/core/dist/index.js:3331:107
      
 @ webpack-internal:///./node_modules/webpack-dev-server/client/modules/logger/index.js:607
[174004484ms] [ERROR] [webpack-dev-server] ERROR in ./node_modules/@docusaurus/theme-classic/lib/theme/DocRoot/Layout/styles.module.css
  × Module build failed (from ./node_modules/@rspack/core/dist/cssExtractLoader.js):
  ╰─▶   × Error: Module build failed (from ./node_modules/postcss-loader/dist/cjs.js):
        │     at /Users/feei/Documents/GitHub/feei.cn/node_modules/@rspack/core/dist/index.js:3331:107
      
 @ webpack-internal:///./node_modules/webpack-dev-server/client/modules/logger/index.js:607
[174004484ms] [ERROR] [webpack-dev-server] ERROR in ./node_modules/@docusaurus/theme-classic/lib/theme/DocSidebar/Desktop/CollapseButton/styles.module.css
  × Module build failed (from ./node_modules/@rspack/core/dist/cssExtractLoader.js):
  ╰─▶   × Error: Module build failed (from ./node_modules/postcss-loader/dist/cjs.js):
        │     at /Users/feei/Documents/GitHub/feei.cn/node_modules/@rspack/core/dist/index.js:3331:107
      
 @ webpack-internal:///./node_modules/webpack-dev-server/client/modules/logger/index.js:607
[174004485ms] [ERROR] [webpack-dev-server] ERROR in ./node_modules/@docusaurus/theme-classic/lib/theme/DocSidebar/Desktop/Content/styles.module.css
  × Module build failed (from ./node_modules/@rspack/core/dist/cssExtractLoader.js):
  ╰─▶   × Error: Module build failed (from ./node_modules/postcss-loader/dist/cjs.js):
        │     at /Users/feei/Documents/GitHub/feei.cn/node_modules/@rspack/core/dist/index.js:3331:107
      
 @ webpack-internal:///./node_modules/webpack-dev-server/client/modules/logger/index.js:607
[174004485ms] [ERROR] [webpack-dev-server] ERROR in ./node_modules/@docusaurus/theme-classic/lib/theme/DocSidebar/Desktop/styles.module.css
  × Module build failed (from ./node_modules/@rspack/core/dist/cssExtractLoader.js):
  ╰─▶   × Error: Module build failed (from ./node_modules/postcss-loader/dist/cjs.js):
        │     at /Users/feei/Documents/GitHub/feei.cn/node_modules/@rspack/core/dist/index.js:3331:107
      
 @ webpack-internal:///./node_modules/webpack-dev-server/client/modules/logger/index.js:607
[174004485ms] [ERROR] [webpack-dev-server] ERROR in ./node_modules/@docusaurus/theme-classic/lib/theme/DocSidebarItem/Html/styles.module.css
  × Module build failed (from ./node_modules/@rspack/core/dist/cssExtractLoader.js):
  ╰─▶   × Error: Module build failed (from ./node_modules/postcss-loader/dist/cjs.js):
        │     at /Users/feei/Documents/GitHub/feei.cn/node_modules/@rspack/core/dist/index.js:3331:107
      
 @ webpack-internal:///./node_modules/webpack-dev-server/client/modules/logger/index.js:607
[174004485ms] [ERROR] [webpack-dev-server] ERROR in ./node_modules/@docusaurus/theme-classic/lib/theme/Footer/Logo/styles.module.css
  × Module build failed (from ./node_modules/@rspack/core/dist/cssExtractLoader.js):
  ╰─▶   × Error: Module build failed (from ./node_modules/postcss-loader/dist/cjs.js):
        │     at /Users/feei/Documents/GitHub/feei.cn/node_modules/@rspack/core/dist/index.js:3331:107
      
 @ webpack-internal:///./node_modules/webpack-dev-server/client/modules/logger/index.js:607
[174004485ms] [ERROR] [webpack-dev-server] ERROR in ./node_modules/@docusaurus/theme-classic/lib/theme/Heading/styles.module.css
  × Module build failed (from ./node_modules/@rspack/core/dist/cssExtractLoader.js):
  ╰─▶   × Error: Module build failed (from ./node_modules/postcss-loader/dist/cjs.js):
        │     at /Users/feei/Documents/GitHub/feei.cn/node_modules/@rspack/core/dist/index.js:3331:107
      
 @ webpack-internal:///./node_modules/webpack-dev-server/client/modules/logger/index.js:607
[174004485ms] [ERROR] [webpack-dev-server] ERROR in ./node_modules/@docusaurus/theme-classic/lib/theme/Icon/ExternalLink/styles.module.css
  × Module build failed (from ./node_modules/@rspack/core/dist/cssExtractLoader.js):
  ╰─▶   × Error: Module build failed (from ./node_modules/postcss-loader/dist/cjs.js):
        │     at /Users/feei/Documents/GitHub/feei.cn/node_modules/@rspack/core/dist/index.js:3331:107
      
 @ webpack-internal:///./node_modules/webpack-dev-server/client/modules/logger/index.js:607
[174004485ms] [ERROR] [webpack-dev-server] ERROR in ./node_modules/@docusaurus/theme-classic/lib/theme/Layout/styles.module.css
  × Module build failed (from ./node_modules/@rspack/core/dist/cssExtractLoader.js):
  ╰─▶   × Error: Module build failed (from ./node_modules/postcss-loader/dist/cjs.js):
        │     at /Users/feei/Documents/GitHub/feei.cn/node_modules/@rspack/core/dist/index.js:3331:107
      
 @ webpack-internal:///./node_modules/webpack-dev-server/client/modules/logger/index.js:607
[174004485ms] [ERROR] [webpack-dev-server] ERROR in ./node_modules/@docusaurus/theme-classic/lib/theme/MDXComponents/Img/styles.module.css
  × Module build failed (from ./node_modules/@rspack/core/dist/cssExtractLoader.js):
  ╰─▶   × Error: Module build failed (from ./node_modules/postcss-loader/dist/cjs.js):
        │     at /Users/feei/Documents/GitHub/feei.cn/node_modules/@rspack/core/dist/index.js:3331:107
      
 @ webpack-internal:///./node_modules/webpack-dev-server/client/modules/logger/index.js:607
[174004485ms] [ERROR] [webpack-dev-server] ERROR in ./node_modules/@docusaurus/theme-classic/lib/theme/MDXComponents/Ul/styles.module.css
  × Module build failed (from ./node_modules/@rspack/core/dist/cssExtractLoader.js):
  ╰─▶   × Error: Module build failed (from ./node_modules/postcss-loader/dist/cjs.js):
        │     at /Users/feei/Documents/GitHub/feei.cn/node_modules/@rspack/core/dist/index.js:3331:107
      
 @ webpack-internal:///./node_modules/webpack-dev-server/client/modules/logger/index.js:607
[174004485ms] [ERROR] [webpack-dev-server] ERROR in ./node_modules/@docusaurus/theme-classic/lib/theme/Navbar/ColorModeToggle/styles.module.css
  × Module build failed (from ./node_modules/@rspack/core/dist/cssExtractLoader.js):
  ╰─▶   × Error: Module build failed (from ./node_modules/postcss-loader/dist/cjs.js):
        │     at /Users/feei/Documents/GitHub/feei.cn/node_modules/@rspack/core/dist/index.js:3331:107
      
 @ webpack-internal:///./node_modules/webpack-dev-server/client/modules/logger/index.js:607
[174004485ms] [ERROR] [webpack-dev-server] ERROR in ./node_modules/@docusaurus/theme-classic/lib/theme/Navbar/Content/styles.module.css
  × Module build failed (from ./node_modules/@rspack/core/dist/cssExtractLoader.js):
  ╰─▶   × Error: Module build failed (from ./node_modules/postcss-loader/dist/cjs.js):
        │     at /Users/feei/Documents/GitHub/feei.cn/node_modules/@rspack/core/dist/index.js:3331:107
      
 @ webpack-internal:///./node_modules/webpack-dev-server/client/modules/logger/index.js:607
[174004485ms] [ERROR] [webpack-dev-server] ERROR in ./node_modules/@docusaurus/theme-classic/lib/theme/Navbar/Layout/styles.module.css
  × Module build failed (from ./node_modules/@rspack/core/dist/cssExtractLoader.js):
  ╰─▶   × Error: Module build failed (from ./node_modules/postcss-loader/dist/cjs.js):
        │     at /Users/feei/Documents/GitHub/feei.cn/node_modules/@rspack/core/dist/index.js:3331:107
      
 @ webpack-internal:///./node_modules/webpack-dev-server/client/modules/logger/index.js:607
[174004485ms] [ERROR] [webpack-dev-server] ERROR in ./node_modules/@docusaurus/theme-classic/lib/theme/Navbar/Search/styles.module.css
  × Module build failed (from ./node_modules/@rspack/core/dist/cssExtractLoader.js):
  ╰─▶   × Error: Module build failed (from ./node_modules/postcss-loader/dist/cjs.js):
        │     at /Users/feei/Documents/GitHub/feei.cn/node_modules/@rspack/core/dist/index.js:3331:107
      
 @ webpack-internal:///./node_modules/webpack-dev-server/client/modules/logger/index.js:607
[174004485ms] [ERROR] [webpack-dev-server] ERROR in ./node_modules/@docusaurus/theme-classic/lib/theme/NavbarItem/DropdownNavbarItem/Mobile/styles.module.css
  × Module build failed (from ./node_modules/@rspack/core/dist/cssExtractLoader.js):
  ╰─▶   × Error: Module build failed (from ./node_modules/postcss-loader/dist/cjs.js):
        │     at /Users/feei/Documents/GitHub/feei.cn/node_modules/@rspack/core/dist/index.js:3331:107
      
 @ webpack-internal:///./node_modules/webpack-dev-server/client/modules/logger/index.js:607
[174004485ms] [ERROR] [webpack-dev-server] ERROR in ./node_modules/@docusaurus/theme-classic/lib/theme/NavbarItem/LocaleDropdownNavbarItem/styles.module.css
  × Module build failed (from ./node_modules/@rspack/core/dist/cssExtractLoader.js):
  ╰─▶   × Error: Module build failed (from ./node_modules/postcss-loader/dist/cjs.js):
        │     at /Users/feei/Documents/GitHub/feei.cn/node_modules/@rspack/core/dist/index.js:3331:107
      
 @ webpack-internal:///./node_modules/webpack-dev-server/client/modules/logger/index.js:607
[174004485ms] [ERROR] [webpack-dev-server] ERROR in ./node_modules/@docusaurus/theme-classic/lib/theme/SkipToContent/styles.module.css
  × Module build failed (from ./node_modules/@rspack/core/dist/cssExtractLoader.js):
  ╰─▶   × Error: Module build failed (from ./node_modules/postcss-loader/dist/cjs.js):
        │     at /Users/feei/Documents/GitHub/feei.cn/node_modules/@rspack/core/dist/index.js:3331:107
      
 @ webpack-internal:///./node_modules/webpack-dev-server/client/modules/logger/index.js:607
[174004485ms] [ERROR] [webpack-dev-server] ERROR in ./node_modules/@docusaurus/theme-classic/lib/theme/TOCCollapsible/CollapseButton/styles.module.css
  × Module build failed (from ./node_modules/@rspack/core/dist/cssExtractLoader.js):
  ╰─▶   × Error: Module build failed (from ./node_modules/postcss-loader/dist/cjs.js):
        │     at /Users/feei/Documents/GitHub/feei.cn/node_modules/@rspack/core/dist/index.js:3331:107
      
 @ webpack-internal:///./node_modules/webpack-dev-server/client/modules/logger/index.js:607
[174004485ms] [ERROR] [webpack-dev-server] ERROR in ./node_modules/@docusaurus/theme-classic/lib/theme/TOCCollapsible/styles.module.css
  × Module build failed (from ./node_modules/@rspack/core/dist/cssExtractLoader.js):
  ╰─▶   × Error: Module build failed (from ./node_modules/postcss-loader/dist/cjs.js):
        │     at /Users/feei/Documents/GitHub/feei.cn/node_modules/@rspack/core/dist/index.js:3331:107
      
 @ webpack-internal:///./node_modules/webpack-dev-server/client/modules/logger/index.js:607
[174004485ms] [ERROR] [webpack-dev-server] ERROR in ./node_modules/@docusaurus/theme-classic/lib/theme/Tag/styles.module.css
  × Module build failed (from ./node_modules/@rspack/core/dist/cssExtractLoader.js):
  ╰─▶   × Error: Module build failed (from ./node_modules/postcss-loader/dist/cjs.js):
        │     at /Users/feei/Documents/GitHub/feei.cn/node_modules/@rspack/core/dist/index.js:3331:107
      
 @ webpack-internal:///./node_modules/webpack-dev-server/client/modules/logger/index.js:607
[174004485ms] [ERROR] [webpack-dev-server] ERROR in ./node_modules/@docusaurus/theme-classic/lib/theme/TagsListByLetter/styles.module.css
  × Module build failed (from ./node_modules/@rspack/core/dist/cssExtractLoader.js):
  ╰─▶   × Error: Module build failed (from ./node_modules/postcss-loader/dist/cjs.js):
        │     at /Users/feei/Documents/GitHub/feei.cn/node_modules/@rspack/core/dist/index.js:3331:107
      
 @ webpack-internal:///./node_modules/webpack-dev-server/client/modules/logger/index.js:607
[174004485ms] [ERROR] [webpack-dev-server] ERROR in ./node_modules/@docusaurus/theme-classic/lib/theme/TagsListInline/styles.module.css
  × Module build failed (from ./node_modules/@rspack/core/dist/cssExtractLoader.js):
  ╰─▶   × Error: Module build failed (from ./node_modules/postcss-loader/dist/cjs.js):
        │     at /Users/feei/Documents/GitHub/feei.cn/node_modules/@rspack/core/dist/index.js:3331:107
      
 @ webpack-internal:///./node_modules/webpack-dev-server/client/modules/logger/index.js:607
[174004486ms] [ERROR] [webpack-dev-server] ERROR in ./node_modules/@docusaurus/theme-common/lib/components/Details/styles.module.css
  × Module build failed (from ./node_modules/@rspack/core/dist/cssExtractLoader.js):
  ╰─▶   × Error: Module build failed (from ./node_modules/postcss-loader/dist/cjs.js):
        │     at /Users/feei/Documents/GitHub/feei.cn/node_modules/@rspack/core/dist/index.js:3331:107
      
 @ webpack-internal:///./node_modules/webpack-dev-server/client/modules/logger/index.js:607
[174004486ms] [ERROR] [webpack-dev-server] ERROR in ./node_modules/@docusaurus/theme-common/lib/components/ThemedComponent/styles.module.css
  × Module build failed (from ./node_modules/@rspack/core/dist/cssExtractLoader.js):
  ╰─▶   × Error: Module build failed (from ./node_modules/postcss-loader/dist/cjs.js):
        │     at /Users/feei/Documents/GitHub/feei.cn/node_modules/@rspack/core/dist/index.js:3331:107
      
 @ webpack-internal:///./node_modules/webpack-dev-server/client/modules/logger/index.js:607
[174004486ms] [ERROR] [webpack-dev-server] ERROR in ./node_modules/@docusaurus/theme-common/lib/utils/anchorUtils.module.css
  × Module build failed (from ./node_modules/@rspack/core/dist/cssExtractLoader.js):
  ╰─▶   × Error: Module build failed (from ./node_modules/postcss-loader/dist/cjs.js):
        │     at /Users/feei/Documents/GitHub/feei.cn/node_modules/@rspack/core/dist/index.js:3331:107
      
 @ webpack-internal:///./node_modules/webpack-dev-server/client/modules/logger/index.js:607
[174004486ms] [ERROR] [webpack-dev-server] ERROR in ./node_modules/@docusaurus/theme-common/lib/utils/errorBoundaryUtils.module.css
  × Module build failed (from ./node_modules/@rspack/core/dist/cssExtractLoader.js):
  ╰─▶   × Error: Module build failed (from ./node_modules/postcss-loader/dist/cjs.js):
        │     at /Users/feei/Documents/GitHub/feei.cn/node_modules/@rspack/core/dist/index.js:3331:107
      
 @ webpack-internal:///./node_modules/webpack-dev-server/client/modules/logger/index.js:607
[174004486ms] [ERROR] [webpack-dev-server] ERROR
  × Module build failed (from ./node_modules/postcss-loader/dist/cjs.js):
  ╰─▶   × Error: Cannot find module '/Users/feei/Documents/GitHub/feei.cn/node_modules/postcss/lib/postcss.js'
        │     at createEsmNotFoundErr (node:internal/modules/cjs/loader:1513:15)
        │     at finalizeEsmResolution (node:internal/modules/cjs/loader:1502:9)
        │     at resolveExports (node:internal/modules/cjs/loader:685:14)
        │     at Module._findPath (node:internal/modules/cjs/loader:752:31)
        │     at Module._resolveFilename (node:internal/modules/cjs/loader:1461:27)
        │     at wrapResolveFilename (node:internal/modules/cjs/loader:1049:27)
        │     at defaultResolveImplForCJSLoading (node:internal/modules/cjs/loader:1073:10)
        │     at resolveForCJSWithHooks (node:internal/modules/cjs/loader:1094:12)
        │     at Module._load (node:internal/modules/cjs/loader:1262:25)
        │     at wrapModuleLoad (node:internal/modules/cjs/loader:255:19)
        │     at Module.require (node:internal/modules/cjs/loader:1576:12)
        │     at require (node:internal/modules/helpers:153:16)
        │     at getPostcssImplementation (/Users/feei/Documents/GitHub/feei.cn/node_modules/postcss-loader/dist/utils.js:405:30)
        │     at Object.loader (/Users/feei/Documents/GitHub/feei.cn/node_modules/postcss-loader/dist/index.js:33:58)
        │     at /Users/feei/Documents/GitHub/feei.cn/node_modules/@rspack/core/dist/index.js:3153:29
        │     at node:internal/util:513:21
        │     at new Promise (<anonymous>)
        │     at node:internal/util:499:12
        │     at isomorphoicRun (/Users/feei/Documents/GitHub/feei.cn/node_modules/@rspack/core/dist/index.js:3656:65)
        │     at runLoaders (/Users/feei/Documents/GitHub/feei.cn/node_modules/@rspack/core/dist/index.js:3705:145)
      
 @ webpack-internal:///./node_modules/webpack-dev-server/client/modules/logger/index.js:607
[174004486ms] [ERROR] [webpack-dev-server] ERROR
  × Module build failed (from ./node_modules/postcss-loader/dist/cjs.js):
  ╰─▶   × Error: Cannot find module '/Users/feei/Documents/GitHub/feei.cn/node_modules/postcss/lib/postcss.js'
        │     at createEsmNotFoundErr (node:internal/modules/cjs/loader:1513:15)
        │     at finalizeEsmResolution (node:internal/modules/cjs/loader:1502:9)
        │     at resolveExports (node:internal/modules/cjs/loader:685:14)
        │     at Module._findPath (node:internal/modules/cjs/loader:752:31)
        │     at Module._resolveFilename (node:internal/modules/cjs/loader:1461:27)
        │     at wrapResolveFilename (node:internal/modules/cjs/loader:1049:27)
        │     at defaultResolveImplForCJSLoading (node:internal/modules/cjs/loader:1073:10)
        │     at resolveForCJSWithHooks (node:internal/modules/cjs/loader:1094:12)
        │     at Module._load (node:internal/modules/cjs/loader:1262:25)
        │     at wrapModuleLoad (node:internal/modules/cjs/loader:255:19)
        │     at Module.require (node:internal/modules/cjs/loader:1576:12)
        │     at require (node:internal/modules/helpers:153:16)
        │     at getPostcssImplementation (/Users/feei/Documents/GitHub/feei.cn/node_modules/postcss-loader/dist/utils.js:405:30)
        │     at Object.loader (/Users/feei/Documents/GitHub/feei.cn/node_modules/postcss-loader/dist/index.js:33:58)
        │     at /Users/feei/Documents/GitHub/feei.cn/node_modules/@rspack/core/dist/index.js:3153:29
        │     at node:internal/util:513:21
        │     at new Promise (<anonymous>)
        │     at node:internal/util:499:12
        │     at isomorphoicRun (/Users/feei/Documents/GitHub/feei.cn/node_modules/@rspack/core/dist/index.js:3656:65)
        │     at runLoaders (/Users/feei/Documents/GitHub/feei.cn/node_modules/@rspack/core/dist/index.js:3705:145)
      
 @ webpack-internal:///./node_modules/webpack-dev-server/client/modules/logger/index.js:607
[174004486ms] [ERROR] [webpack-dev-server] ERROR
  × Module build failed (from ./node_modules/postcss-loader/dist/cjs.js):
  ╰─▶   × Error: Cannot find module '/Users/feei/Documents/GitHub/feei.cn/node_modules/postcss/lib/postcss.js'
        │     at createEsmNotFoundErr (node:internal/modules/cjs/loader:1513:15)
        │     at finalizeEsmResolution (node:internal/modules/cjs/loader:1502:9)
        │     at resolveExports (node:internal/modules/cjs/loader:685:14)
        │     at Module._findPath (node:internal/modules/cjs/loader:752:31)
        │     at Module._resolveFilename (node:internal/modules/cjs/loader:1461:27)
        │     at wrapResolveFilename (node:internal/modules/cjs/loader:1049:27)
        │     at defaultResolveImplForCJSLoading (node:internal/modules/cjs/loader:1073:10)
        │     at resolveForCJSWithHooks (node:internal/modules/cjs/loader:1094:12)
        │     at Module._load (node:internal/modules/cjs/loader:1262:25)
        │     at wrapModuleLoad (node:internal/modules/cjs/loader:255:19)
        │     at Module.require (node:internal/modules/cjs/loader:1576:12)
        │     at require (node:internal/modules/helpers:153:16)
        │     at getPostcssImplementation (/Users/feei/Documents/GitHub/feei.cn/node_modules/postcss-loader/dist/utils.js:405:30)
        │     at Object.loader (/Users/feei/Documents/GitHub/feei.cn/node_modules/postcss-loader/dist/index.js:33:58)
        │     at /Users/feei/Documents/GitHub/feei.cn/node_modules/@rspack/core/dist/index.js:3153:29
        │     at node:internal/util:513:21
        │     at new Promise (<anonymous>)
        │     at node:internal/util:499:12
        │     at isomorphoicRun (/Users/feei/Documents/GitHub/feei.cn/node_modules/@rspack/core/dist/index.js:3656:65)
        │     at runLoaders (/Users/feei/Documents/GitHub/feei.cn/node_modules/@rspack/core/dist/index.js:3705:145)
      
 @ webpack-internal:///./node_modules/webpack-dev-server/client/modules/logger/index.js:607
[174004486ms] [ERROR] [webpack-dev-server] ERROR
  × Module build failed (from ./node_modules/postcss-loader/dist/cjs.js):
  ╰─▶   × Error: Cannot find module '/Users/feei/Documents/GitHub/feei.cn/node_modules/postcss/lib/postcss.js'
        │     at createEsmNotFoundErr (node:internal/modules/cjs/loader:1513:15)
        │     at finalizeEsmResolution (node:internal/modules/cjs/loader:1502:9)
        │     at resolveExports (node:internal/modules/cjs/loader:685:14)
        │     at Module._findPath (node:internal/modules/cjs/loader:752:31)
        │     at Module._resolveFilename (node:internal/modules/cjs/loader:1461:27)
        │     at wrapResolveFilename (node:internal/modules/cjs/loader:1049:27)
        │     at defaultResolveImplForCJSLoading (node:internal/modules/cjs/loader:1073:10)
        │     at resolveForCJSWithHooks (node:internal/modules/cjs/loader:1094:12)
        │     at Module._load (node:internal/modules/cjs/loader:1262:25)
        │     at wrapModuleLoad (node:internal/modules/cjs/loader:255:19)
        │     at Module.require (node:internal/modules/cjs/loader:1576:12)
        │     at require (node:internal/modules/helpers:153:16)
        │     at getPostcssImplementation (/Users/feei/Documents/GitHub/feei.cn/node_modules/postcss-loader/dist/utils.js:405:30)
        │     at Object.loader (/Users/feei/Documents/GitHub/feei.cn/node_modules/postcss-loader/dist/index.js:33:58)
        │     at /Users/feei/Documents/GitHub/feei.cn/node_modules/@rspack/core/dist/index.js:3153:29
        │     at node:internal/util:513:21
        │     at new Promise (<anonymous>)
        │     at node:internal/util:499:12
        │     at isomorphoicRun (/Users/feei/Documents/GitHub/feei.cn/node_modules/@rspack/core/dist/index.js:3656:65)
        │     at runLoaders (/Users/feei/Documents/GitHub/feei.cn/node_modules/@rspack/core/dist/index.js:3705:145)
      
 @ webpack-internal:///./node_modules/webpack-dev-server/client/modules/logger/index.js:607
[174004486ms] [ERROR] [webpack-dev-server] ERROR
  × Module build failed (from ./node_modules/postcss-loader/dist/cjs.js):
  ╰─▶   × Error: Cannot find module '/Users/feei/Documents/GitHub/feei.cn/node_modules/postcss/lib/postcss.js'
        │     at createEsmNotFoundErr (node:internal/modules/cjs/loader:1513:15)
        │     at finalizeEsmResolution (node:internal/modules/cjs/loader:1502:9)
        │     at resolveExports (node:internal/modules/cjs/loader:685:14)
        │     at Module._findPath (node:internal/modules/cjs/loader:752:31)
        │     at Module._resolveFilename (node:internal/modules/cjs/loader:1461:27)
        │     at wrapResolveFilename (node:internal/modules/cjs/loader:1049:27)
        │     at defaultResolveImplForCJSLoading (node:internal/modules/cjs/loader:1073:10)
        │     at resolveForCJSWithHooks (node:internal/modules/cjs/loader:1094:12)
        │     at Module._load (node:internal/modules/cjs/loader:1262:25)
        │     at wrapModuleLoad (node:internal/modules/cjs/loader:255:19)
        │     at Module.require (node:internal/modules/cjs/loader:1576:12)
        │     at require (node:internal/modules/helpers:153:16)
        │     at getPostcssImplementation (/Users/feei/Documents/GitHub/feei.cn/node_modules/postcss-loader/dist/utils.js:405:30)
        │     at Object.loader (/Users/feei/Documents/GitHub/feei.cn/node_modules/postcss-loader/dist/index.js:33:58)
        │     at /Users/feei/Documents/GitHub/feei.cn/node_modules/@rspack/core/dist/index.js:3153:29
        │     at node:internal/util:513:21
        │     at new Promise (<anonymous>)
        │     at node:internal/util:499:12
        │     at isomorphoicRun (/Users/feei/Documents/GitHub/feei.cn/node_modules/@rspack/core/dist/index.js:3656:65)
        │     at runLoaders (/Users/feei/Documents/GitHub/feei.cn/node_modules/@rspack/core/dist/index.js:3705:145)
      
 @ webpack-internal:///./node_modules/webpack-dev-server/client/modules/logger/index.js:607
[174004486ms] [ERROR] [webpack-dev-server] ERROR
  × Module build failed (from ./node_modules/postcss-loader/dist/cjs.js):
  ╰─▶   × Error: Cannot find module '/Users/feei/Documents/GitHub/feei.cn/node_modules/postcss/lib/postcss.js'
        │     at createEsmNotFoundErr (node:internal/modules/cjs/loader:1513:15)
        │     at finalizeEsmResolution (node:internal/modules/cjs/loader:1502:9)
        │     at resolveExports (node:internal/modules/cjs/loader:685:14)
        │     at Module._findPath (node:internal/modules/cjs/loader:752:31)
        │     at Module._resolveFilename (node:internal/modules/cjs/loader:1461:27)
        │     at wrapResolveFilename (node:internal/modules/cjs/loader:1049:27)
        │     at defaultResolveImplForCJSLoading (node:internal/modules/cjs/loader:1073:10)
        │     at resolveForCJSWithHooks (node:internal/modules/cjs/loader:1094:12)
        │     at Module._load (node:internal/modules/cjs/loader:1262:25)
        │     at wrapModuleLoad (node:internal/modules/cjs/loader:255:19)
        │     at Module.require (node:internal/modules/cjs/loader:1576:12)
        │     at require (node:internal/modules/helpers:153:16)
        │     at getPostcssImplementation (/Users/feei/Documents/GitHub/feei.cn/node_modules/postcss-loader/dist/utils.js:405:30)
        │     at Object.loader (/Users/feei/Documents/GitHub/feei.cn/node_modules/postcss-loader/dist/index.js:33:58)
        │     at /Users/feei/Documents/GitHub/feei.cn/node_modules/@rspack/core/dist/index.js:3153:29
        │     at node:internal/util:513:21
        │     at new Promise (<anonymous>)
        │     at node:internal/util:499:12
        │     at isomorphoicRun (/Users/feei/Documents/GitHub/feei.cn/node_modules/@rspack/core/dist/index.js:3656:65)
        │     at runLoaders (/Users/feei/Documents/GitHub/feei.cn/node_modules/@rspack/core/dist/index.js:3705:145)
      
 @ webpack-internal:///./node_modules/webpack-dev-server/client/modules/logger/index.js:607
[174004486ms] [ERROR] [webpack-dev-server] ERROR
  × Module build failed (from ./node_modules/postcss-loader/dist/cjs.js):
  ╰─▶   × Error: Cannot find module '/Users/feei/Documents/GitHub/feei.cn/node_modules/postcss/lib/postcss.js'
        │     at createEsmNotFoundErr (node:internal/modules/cjs/loader:1513:15)
        │     at finalizeEsmResolution (node:internal/modules/cjs/loader:1502:9)
        │     at resolveExports (node:internal/modules/cjs/loader:685:14)
        │     at Module._findPath (node:internal/modules/cjs/loader:752:31)
        │     at Module._resolveFilename (node:internal/modules/cjs/loader:1461:27)
        │     at wrapResolveFilename (node:internal/modules/cjs/loader:1049:27)
        │     at defaultResolveImplForCJSLoading (node:internal/modules/cjs/loader:1073:10)
        │     at resolveForCJSWithHooks (node:internal/modules/cjs/loader:1094:12)
        │     at Module._load (node:internal/modules/cjs/loader:1262:25)
        │     at wrapModuleLoad (node:internal/modules/cjs/loader:255:19)
        │     at Module.require (node:internal/modules/cjs/loader:1576:12)
        │     at require (node:internal/modules/helpers:153:16)
        │     at getPostcssImplementation (/Users/feei/Documents/GitHub/feei.cn/node_modules/postcss-loader/dist/utils.js:405:30)
        │     at Object.loader (/Users/feei/Documents/GitHub/feei.cn/node_modules/postcss-loader/dist/index.js:33:58)
        │     at /Users/feei/Documents/GitHub/feei.cn/node_modules/@rspack/core/dist/index.js:3153:29
        │     at node:internal/util:513:21
        │     at new Promise (<anonymous>)
        │     at node:internal/util:499:12
        │     at isomorphoicRun (/Users/feei/Documents/GitHub/feei.cn/node_modules/@rspack/core/dist/index.js:3656:65)
        │     at runLoaders (/Users/feei/Documents/GitHub/feei.cn/node_modules/@rspack/core/dist/index.js:3705:145)
      
 @ webpack-internal:///./node_modules/webpack-dev-server/client/modules/logger/index.js:607
[174004486ms] [ERROR] [webpack-dev-server] ERROR
  × Module build failed (from ./node_modules/postcss-loader/dist/cjs.js):
  ╰─▶   × Error: Cannot find module '/Users/feei/Documents/GitHub/feei.cn/node_modules/postcss/lib/postcss.js'
        │     at createEsmNotFoundErr (node:internal/modules/cjs/loader:1513:15)
        │     at finalizeEsmResolution (node:internal/modules/cjs/loader:1502:9)
        │     at resolveExports (node:internal/modules/cjs/loader:685:14)
        │     at Module._findPath (node:internal/modules/cjs/loader:752:31)
        │     at Module._resolveFilename (node:internal/modules/cjs/loader:1461:27)
        │     at wrapResolveFilename (node:internal/modules/cjs/loader:1049:27)
        │     at defaultResolveImplForCJSLoading (node:internal/modules/cjs/loader:1073:10)
        │     at resolveForCJSWithHooks (node:internal/modules/cjs/loader:1094:12)
        │     at Module._load (node:internal/modules/cjs/loader:1262:25)
        │     at wrapModuleLoad (node:internal/modules/cjs/loader:255:19)
        │     at Module.require (node:internal/modules/cjs/loader:1576:12)
        │     at require (node:internal/modules/helpers:153:16)
        │     at getPostcssImplementation (/Users/feei/Documents/GitHub/feei.cn/node_modules/postcss-loader/dist/utils.js:405:30)
        │     at Object.loader (/Users/feei/Documents/GitHub/feei.cn/node_modules/postcss-loader/dist/index.js:33:58)
        │     at /Users/feei/Documents/GitHub/feei.cn/node_modules/@rspack/core/dist/index.js:3153:29
        │     at node:internal/util:513:21
        │     at new Promise (<anonymous>)
        │     at node:internal/util:499:12
        │     at isomorphoicRun (/Users/feei/Documents/GitHub/feei.cn/node_modules/@rspack/core/dist/index.js:3656:65)
        │     at runLoaders (/Users/feei/Documents/GitHub/feei.cn/node_modules/@rspack/core/dist/index.js:3705:145)
      
 @ webpack-internal:///./node_modules/webpack-dev-server/client/modules/logger/index.js:607
[174004486ms] [ERROR] [webpack-dev-server] ERROR
  × Module build failed (from ./node_modules/postcss-loader/dist/cjs.js):
  ╰─▶   × Error: Cannot find module '/Users/feei/Documents/GitHub/feei.cn/node_modules/postcss/lib/postcss.js'
        │     at createEsmNotFoundErr (node:internal/modules/cjs/loader:1513:15)
        │     at finalizeEsmResolution (node:internal/modules/cjs/loader:1502:9)
        │     at resolveExports (node:internal/modules/cjs/loader:685:14)
        │     at Module._findPath (node:internal/modules/cjs/loader:752:31)
        │     at Module._resolveFilename (node:internal/modules/cjs/loader:1461:27)
        │     at wrapResolveFilename (node:internal/modules/cjs/loader:1049:27)
        │     at defaultResolveImplForCJSLoading (node:internal/modules/cjs/loader:1073:10)
        │     at resolveForCJSWithHooks (node:internal/modules/cjs/loader:1094:12)
        │     at Module._load (node:internal/modules/cjs/loader:1262:25)
        │     at wrapModuleLoad (node:internal/modules/cjs/loader:255:19)
        │     at Module.require (node:internal/modules/cjs/loader:1576:12)
        │     at require (node:internal/modules/helpers:153:16)
        │     at getPostcssImplementation (/Users/feei/Documents/GitHub/feei.cn/node_modules/postcss-loader/dist/utils.js:405:30)
        │     at Object.loader (/Users/feei/Documents/GitHub/feei.cn/node_modules/postcss-loader/dist/index.js:33:58)
        │     at /Users/feei/Documents/GitHub/feei.cn/node_modules/@rspack/core/dist/index.js:3153:29
        │     at node:internal/util:513:21
        │     at new Promise (<anonymous>)
        │     at node:internal/util:499:12
        │     at isomorphoicRun (/Users/feei/Documents/GitHub/feei.cn/node_modules/@rspack/core/dist/index.js:3656:65)
        │     at runLoaders (/Users/feei/Documents/GitHub/feei.cn/node_modules/@rspack/core/dist/index.js:3705:145)
      
 @ webpack-internal:///./node_modules/webpack-dev-server/client/modules/logger/index.js:607
[174004487ms] [ERROR] [webpack-dev-server] ERROR
  × Module build failed (from ./node_modules/postcss-loader/dist/cjs.js):
  ╰─▶   × Error: Cannot find module '/Users/feei/Documents/GitHub/feei.cn/node_modules/postcss/lib/postcss.js'
        │     at createEsmNotFoundErr (node:internal/modules/cjs/loader:1513:15)
        │     at finalizeEsmResolution (node:internal/modules/cjs/loader:1502:9)
        │     at resolveExports (node:internal/modules/cjs/loader:685:14)
        │     at Module._findPath (node:internal/modules/cjs/loader:752:31)
        │     at Module._resolveFilename (node:internal/modules/cjs/loader:1461:27)
        │     at wrapResolveFilename (node:internal/modules/cjs/loader:1049:27)
        │     at defaultResolveImplForCJSLoading (node:internal/modules/cjs/loader:1073:10)
        │     at resolveForCJSWithHooks (node:internal/modules/cjs/loader:1094:12)
        │     at Module._load (node:internal/modules/cjs/loader:1262:25)
        │     at wrapModuleLoad (node:internal/modules/cjs/loader:255:19)
        │     at Module.require (node:internal/modules/cjs/loader:1576:12)
        │     at require (node:internal/modules/helpers:153:16)
        │     at getPostcssImplementation (/Users/feei/Documents/GitHub/feei.cn/node_modules/postcss-loader/dist/utils.js:405:30)
        │     at Object.loader (/Users/feei/Documents/GitHub/feei.cn/node_modules/postcss-loader/dist/index.js:33:58)
        │     at /Users/feei/Documents/GitHub/feei.cn/node_modules/@rspack/core/dist/index.js:3153:29
        │     at node:internal/util:513:21
        │     at new Promise (<anonymous>)
        │     at node:internal/util:499:12
        │     at isomorphoicRun (/Users/feei/Documents/GitHub/feei.cn/node_modules/@rspack/core/dist/index.js:3656:65)
        │     at runLoaders (/Users/feei/Documents/GitHub/feei.cn/node_modules/@rspack/core/dist/index.js:3705:145)
      
 @ webpack-internal:///./node_modules/webpack-dev-server/client/modules/logger/index.js:607
[174004487ms] [ERROR] [webpack-dev-server] ERROR
  × Module build failed (from ./node_modules/postcss-loader/dist/cjs.js):
  ╰─▶   × Error: Cannot find module '/Users/feei/Documents/GitHub/feei.cn/node_modules/postcss/lib/postcss.js'
        │     at createEsmNotFoundErr (node:internal/modules/cjs/loader:1513:15)
        │     at finalizeEsmResolution (node:internal/modules/cjs/loader:1502:9)
        │     at resolveExports (node:internal/modules/cjs/loader:685:14)
        │     at Module._findPath (node:internal/modules/cjs/loader:752:31)
        │     at Module._resolveFilename (node:internal/modules/cjs/loader:1461:27)
        │     at wrapResolveFilename (node:internal/modules/cjs/loader:1049:27)
        │     at defaultResolveImplForCJSLoading (node:internal/modules/cjs/loader:1073:10)
        │     at resolveForCJSWithHooks (node:internal/modules/cjs/loader:1094:12)
        │     at Module._load (node:internal/modules/cjs/loader:1262:25)
        │     at wrapModuleLoad (node:internal/modules/cjs/loader:255:19)
        │     at Module.require (node:internal/modules/cjs/loader:1576:12)
        │     at require (node:internal/modules/helpers:153:16)
        │     at getPostcssImplementation (/Users/feei/Documents/GitHub/feei.cn/node_modules/postcss-loader/dist/utils.js:405:30)
        │     at Object.loader (/Users/feei/Documents/GitHub/feei.cn/node_modules/postcss-loader/dist/index.js:33:58)
        │     at /Users/feei/Documents/GitHub/feei.cn/node_modules/@rspack/core/dist/index.js:3153:29
        │     at node:internal/util:513:21
        │     at new Promise (<anonymous>)
        │     at node:internal/util:499:12
        │     at isomorphoicRun (/Users/feei/Documents/GitHub/feei.cn/node_modules/@rspack/core/dist/index.js:3656:65)
        │     at runLoaders (/Users/feei/Documents/GitHub/feei.cn/node_modules/@rspack/core/dist/index.js:3705:145)
      
 @ webpack-internal:///./node_modules/webpack-dev-server/client/modules/logger/index.js:607
[174004487ms] [ERROR] [webpack-dev-server] ERROR
  × Module build failed (from ./node_modules/postcss-loader/dist/cjs.js):
  ╰─▶   × Error: Cannot find module '/Users/feei/Documents/GitHub/feei.cn/node_modules/postcss/lib/postcss.js'
        │     at createEsmNotFoundErr (node:internal/modules/cjs/loader:1513:15)
        │     at finalizeEsmResolution (node:internal/modules/cjs/loader:1502:9)
        │     at resolveExports (node:internal/modules/cjs/loader:685:14)
        │     at Module._findPath (node:internal/modules/cjs/loader:752:31)
        │     at Module._resolveFilename (node:internal/modules/cjs/loader:1461:27)
        │     at wrapResolveFilename (node:internal/modules/cjs/loader:1049:27)
        │     at defaultResolveImplForCJSLoading (node:internal/modules/cjs/loader:1073:10)
        │     at resolveForCJSWithHooks (node:internal/modules/cjs/loader:1094:12)
        │     at Module._load (node:internal/modules/cjs/loader:1262:25)
        │     at wrapModuleLoad (node:internal/modules/cjs/loader:255:19)
        │     at Module.require (node:internal/modules/cjs/loader:1576:12)
        │     at require (node:internal/modules/helpers:153:16)
        │     at getPostcssImplementation (/Users/feei/Documents/GitHub/feei.cn/node_modules/postcss-loader/dist/utils.js:405:30)
        │     at Object.loader (/Users/feei/Documents/GitHub/feei.cn/node_modules/postcss-loader/dist/index.js:33:58)
        │     at /Users/feei/Documents/GitHub/feei.cn/node_modules/@rspack/core/dist/index.js:3153:29
        │     at node:internal/util:513:21
        │     at new Promise (<anonymous>)
        │     at node:internal/util:499:12
        │     at isomorphoicRun (/Users/feei/Documents/GitHub/feei.cn/node_modules/@rspack/core/dist/index.js:3656:65)
        │     at runLoaders (/Users/feei/Documents/GitHub/feei.cn/node_modules/@rspack/core/dist/index.js:3705:145)
      
 @ webpack-internal:///./node_modules/webpack-dev-server/client/modules/logger/index.js:607
[174004487ms] [ERROR] [webpack-dev-server] ERROR
  × Module build failed (from ./node_modules/postcss-loader/dist/cjs.js):
  ╰─▶   × Error: Cannot find module '/Users/feei/Documents/GitHub/feei.cn/node_modules/postcss/lib/postcss.js'
        │     at createEsmNotFoundErr (node:internal/modules/cjs/loader:1513:15)
        │     at finalizeEsmResolution (node:internal/modules/cjs/loader:1502:9)
        │     at resolveExports (node:internal/modules/cjs/loader:685:14)
        │     at Module._findPath (node:internal/modules/cjs/loader:752:31)
        │     at Module._resolveFilename (node:internal/modules/cjs/loader:1461:27)
        │     at wrapResolveFilename (node:internal/modules/cjs/loader:1049:27)
        │     at defaultResolveImplForCJSLoading (node:internal/modules/cjs/loader:1073:10)
        │     at resolveForCJSWithHooks (node:internal/modules/cjs/loader:1094:12)
        │     at Module._load (node:internal/modules/cjs/loader:1262:25)
        │     at wrapModuleLoad (node:internal/modules/cjs/loader:255:19)
        │     at Module.require (node:internal/modules/cjs/loader:1576:12)
        │     at require (node:internal/modules/helpers:153:16)
        │     at getPostcssImplementation (/Users/feei/Documents/GitHub/feei.cn/node_modules/postcss-loader/dist/utils.js:405:30)
        │     at Object.loader (/Users/feei/Documents/GitHub/feei.cn/node_modules/postcss-loader/dist/index.js:33:58)
        │     at /Users/feei/Documents/GitHub/feei.cn/node_modules/@rspack/core/dist/index.js:3153:29
        │     at node:internal/util:513:21
        │     at new Promise (<anonymous>)
        │     at node:internal/util:499:12
        │     at isomorphoicRun (/Users/feei/Documents/GitHub/feei.cn/node_modules/@rspack/core/dist/index.js:3656:65)
        │     at runLoaders (/Users/feei/Documents/GitHub/feei.cn/node_modules/@rspack/core/dist/index.js:3705:145)
      
 @ webpack-internal:///./node_modules/webpack-dev-server/client/modules/logger/index.js:607
[174004487ms] [ERROR] [webpack-dev-server] ERROR
  × Module build failed (from ./node_modules/postcss-loader/dist/cjs.js):
  ╰─▶   × Error: Cannot find module '/Users/feei/Documents/GitHub/feei.cn/node_modules/postcss/lib/postcss.js'
        │     at createEsmNotFoundErr (node:internal/modules/cjs/loader:1513:15)
        │     at finalizeEsmResolution (node:internal/modules/cjs/loader:1502:9)
        │     at resolveExports (node:internal/modules/cjs/loader:685:14)
        │     at Module._findPath (node:internal/modules/cjs/loader:752:31)
        │     at Module._resolveFilename (node:internal/modules/cjs/loader:1461:27)
        │     at wrapResolveFilename (node:internal/modules/cjs/loader:1049:27)
        │     at defaultResolveImplForCJSLoading (node:internal/modules/cjs/loader:1073:10)
        │     at resolveForCJSWithHooks (node:internal/modules/cjs/loader:1094:12)
        │     at Module._load (node:internal/modules/cjs/loader:1262:25)
        │     at wrapModuleLoad (node:internal/modules/cjs/loader:255:19)
        │     at Module.require (node:internal/modules/cjs/loader:1576:12)
        │     at require (node:internal/modules/helpers:153:16)
        │     at getPostcssImplementation (/Users/feei/Documents/GitHub/feei.cn/node_modules/postcss-loader/dist/utils.js:405:30)
        │     at Object.loader (/Users/feei/Documents/GitHub/feei.cn/node_modules/postcss-loader/dist/index.js:33:58)
        │     at /Users/feei/Documents/GitHub/feei.cn/node_modules/@rspack/core/dist/index.js:3153:29
        │     at node:internal/util:513:21
        │     at new Promise (<anonymous>)
        │     at node:internal/util:499:12
        │     at isomorphoicRun (/Users/feei/Documents/GitHub/feei.cn/node_modules/@rspack/core/dist/index.js:3656:65)
        │     at runLoaders (/Users/feei/Documents/GitHub/feei.cn/node_modules/@rspack/core/dist/index.js:3705:145)
      
 @ webpack-internal:///./node_modules/webpack-dev-server/client/modules/logger/index.js:607
[174004488ms] [ERROR] [webpack-dev-server] ERROR
  × Module build failed (from ./node_modules/postcss-loader/dist/cjs.js):
  ╰─▶   × Error: Cannot find module '/Users/feei/Documents/GitHub/feei.cn/node_modules/postcss/lib/postcss.js'
        │     at createEsmNotFoundErr (node:internal/modules/cjs/loader:1513:15)
        │     at finalizeEsmResolution (node:internal/modules/cjs/loader:1502:9)
        │     at resolveExports (node:internal/modules/cjs/loader:685:14)
        │     at Module._findPath (node:internal/modules/cjs/loader:752:31)
        │     at Module._resolveFilename (node:internal/modules/cjs/loader:1461:27)
        │     at wrapResolveFilename (node:internal/modules/cjs/loader:1049:27)
        │     at defaultResolveImplForCJSLoading (node:internal/modules/cjs/loader:1073:10)
        │     at resolveForCJSWithHooks (node:internal/modules/cjs/loader:1094:12)
        │     at Module._load (node:internal/modules/cjs/loader:1262:25)
        │     at wrapModuleLoad (node:internal/modules/cjs/loader:255:19)
        │     at Module.require (node:internal/modules/cjs/loader:1576:12)
        │     at require (node:internal/modules/helpers:153:16)
        │     at getPostcssImplementation (/Users/feei/Documents/GitHub/feei.cn/node_modules/postcss-loader/dist/utils.js:405:30)
        │     at Object.loader (/Users/feei/Documents/GitHub/feei.cn/node_modules/postcss-loader/dist/index.js:33:58)
        │     at /Users/feei/Documents/GitHub/feei.cn/node_modules/@rspack/core/dist/index.js:3153:29
        │     at node:internal/util:513:21
        │     at new Promise (<anonymous>)
        │     at node:internal/util:499:12
        │     at isomorphoicRun (/Users/feei/Documents/GitHub/feei.cn/node_modules/@rspack/core/dist/index.js:3656:65)
        │     at runLoaders (/Users/feei/Documents/GitHub/feei.cn/node_modules/@rspack/core/dist/index.js:3705:145)
      
 @ webpack-internal:///./node_modules/webpack-dev-server/client/modules/logger/index.js:607
[174004488ms] [ERROR] [webpack-dev-server] ERROR
  × Module build failed (from ./node_modules/postcss-loader/dist/cjs.js):
  ╰─▶   × Error: Cannot find module '/Users/feei/Documents/GitHub/feei.cn/node_modules/postcss/lib/postcss.js'
        │     at createEsmNotFoundErr (node:internal/modules/cjs/loader:1513:15)
        │     at finalizeEsmResolution (node:internal/modules/cjs/loader:1502:9)
        │     at resolveExports (node:internal/modules/cjs/loader:685:14)
        │     at Module._findPath (node:internal/modules/cjs/loader:752:31)
        │     at Module._resolveFilename (node:internal/modules/cjs/loader:1461:27)
        │     at wrapResolveFilename (node:internal/modules/cjs/loader:1049:27)
        │     at defaultResolveImplForCJSLoading (node:internal/modules/cjs/loader:1073:10)
        │     at resolveForCJSWithHooks (node:internal/modules/cjs/loader:1094:12)
        │     at Module._load (node:internal/modules/cjs/loader:1262:25)
        │     at wrapModuleLoad (node:internal/modules/cjs/loader:255:19)
        │     at Module.require (node:internal/modules/cjs/loader:1576:12)
        │     at require (node:internal/modules/helpers:153:16)
        │     at getPostcssImplementation (/Users/feei/Documents/GitHub/feei.cn/node_modules/postcss-loader/dist/utils.js:405:30)
        │     at Object.loader (/Users/feei/Documents/GitHub/feei.cn/node_modules/postcss-loader/dist/index.js:33:58)
        │     at /Users/feei/Documents/GitHub/feei.cn/node_modules/@rspack/core/dist/index.js:3153:29
        │     at node:internal/util:513:21
        │     at new Promise (<anonymous>)
        │     at node:internal/util:499:12
        │     at isomorphoicRun (/Users/feei/Documents/GitHub/feei.cn/node_modules/@rspack/core/dist/index.js:3656:65)
        │     at runLoaders (/Users/feei/Documents/GitHub/feei.cn/node_modules/@rspack/core/dist/index.js:3705:145)
      
 @ webpack-internal:///./node_modules/webpack-dev-server/client/modules/logger/index.js:607
[174004488ms] [ERROR] [webpack-dev-server] ERROR
  × Module build failed (from ./node_modules/postcss-loader/dist/cjs.js):
  ╰─▶   × Error: Cannot find module '/Users/feei/Documents/GitHub/feei.cn/node_modules/postcss/lib/postcss.js'
        │     at createEsmNotFoundErr (node:internal/modules/cjs/loader:1513:15)
        │     at finalizeEsmResolution (node:internal/modules/cjs/loader:1502:9)
        │     at resolveExports (node:internal/modules/cjs/loader:685:14)
        │     at Module._findPath (node:internal/modules/cjs/loader:752:31)
        │     at Module._resolveFilename (node:internal/modules/cjs/loader:1461:27)
        │     at wrapResolveFilename (node:internal/modules/cjs/loader:1049:27)
        │     at defaultResolveImplForCJSLoading (node:internal/modules/cjs/loader:1073:10)
        │     at resolveForCJSWithHooks (node:internal/modules/cjs/loader:1094:12)
        │     at Module._load (node:internal/modules/cjs/loader:1262:25)
        │     at wrapModuleLoad (node:internal/modules/cjs/loader:255:19)
        │     at Module.require (node:internal/modules/cjs/loader:1576:12)
        │     at require (node:internal/modules/helpers:153:16)
        │     at getPostcssImplementation (/Users/feei/Documents/GitHub/feei.cn/node_modules/postcss-loader/dist/utils.js:405:30)
        │     at Object.loader (/Users/feei/Documents/GitHub/feei.cn/node_modules/postcss-loader/dist/index.js:33:58)
        │     at /Users/feei/Documents/GitHub/feei.cn/node_modules/@rspack/core/dist/index.js:3153:29
        │     at node:internal/util:513:21
        │     at new Promise (<anonymous>)
        │     at node:internal/util:499:12
        │     at isomorphoicRun (/Users/feei/Documents/GitHub/feei.cn/node_modules/@rspack/core/dist/index.js:3656:65)
        │     at runLoaders (/Users/feei/Documents/GitHub/feei.cn/node_modules/@rspack/core/dist/index.js:3705:145)
      
 @ webpack-internal:///./node_modules/webpack-dev-server/client/modules/logger/index.js:607
[174004488ms] [ERROR] [webpack-dev-server] ERROR
  × Module build failed (from ./node_modules/postcss-loader/dist/cjs.js):
  ╰─▶   × Error: Cannot find module '/Users/feei/Documents/GitHub/feei.cn/node_modules/postcss/lib/postcss.js'
        │     at createEsmNotFoundErr (node:internal/modules/cjs/loader:1513:15)
        │     at finalizeEsmResolution (node:internal/modules/cjs/loader:1502:9)
        │     at resolveExports (node:internal/modules/cjs/loader:685:14)
        │     at Module._findPath (node:internal/modules/cjs/loader:752:31)
        │     at Module._resolveFilename (node:internal/modules/cjs/loader:1461:27)
        │     at wrapResolveFilename (node:internal/modules/cjs/loader:1049:27)
        │     at defaultResolveImplForCJSLoading (node:internal/modules/cjs/loader:1073:10)
        │     at resolveForCJSWithHooks (node:internal/modules/cjs/loader:1094:12)
        │     at Module._load (node:internal/modules/cjs/loader:1262:25)
        │     at wrapModuleLoad (node:internal/modules/cjs/loader:255:19)
        │     at Module.require (node:internal/modules/cjs/loader:1576:12)
        │     at require (node:internal/modules/helpers:153:16)
        │     at getPostcssImplementation (/Users/feei/Documents/GitHub/feei.cn/node_modules/postcss-loader/dist/utils.js:405:30)
        │     at Object.loader (/Users/feei/Documents/GitHub/feei.cn/node_modules/postcss-loader/dist/index.js:33:58)
        │     at /Users/feei/Documents/GitHub/feei.cn/node_modules/@rspack/core/dist/index.js:3153:29
        │     at node:internal/util:513:21
        │     at new Promise (<anonymous>)
        │     at node:internal/util:499:12
        │     at isomorphoicRun (/Users/feei/Documents/GitHub/feei.cn/node_modules/@rspack/core/dist/index.js:3656:65)
        │     at runLoaders (/Users/feei/Documents/GitHub/feei.cn/node_modules/@rspack/core/dist/index.js:3705:145)
      
 @ webpack-internal:///./node_modules/webpack-dev-server/client/modules/logger/index.js:607
[174004488ms] [ERROR] [webpack-dev-server] ERROR
  × Module build failed (from ./node_modules/postcss-loader/dist/cjs.js):
  ╰─▶   × Error: Cannot find module '/Users/feei/Documents/GitHub/feei.cn/node_modules/postcss/lib/postcss.js'
        │     at createEsmNotFoundErr (node:internal/modules/cjs/loader:1513:15)
        │     at finalizeEsmResolution (node:internal/modules/cjs/loader:1502:9)
        │     at resolveExports (node:internal/modules/cjs/loader:685:14)
        │     at Module._findPath (node:internal/modules/cjs/loader:752:31)
        │     at Module._resolveFilename (node:internal/modules/cjs/loader:1461:27)
        │     at wrapResolveFilename (node:internal/modules/cjs/loader:1049:27)
        │     at defaultResolveImplForCJSLoading (node:internal/modules/cjs/loader:1073:10)
        │     at resolveForCJSWithHooks (node:internal/modules/cjs/loader:1094:12)
        │     at Module._load (node:internal/modules/cjs/loader:1262:25)
        │     at wrapModuleLoad (node:internal/modules/cjs/loader:255:19)
        │     at Module.require (node:internal/modules/cjs/loader:1576:12)
        │     at require (node:internal/modules/helpers:153:16)
        │     at getPostcssImplementation (/Users/feei/Documents/GitHub/feei.cn/node_modules/postcss-loader/dist/utils.js:405:30)
        │     at Object.loader (/Users/feei/Documents/GitHub/feei.cn/node_modules/postcss-loader/dist/index.js:33:58)
        │     at /Users/feei/Documents/GitHub/feei.cn/node_modules/@rspack/core/dist/index.js:3153:29
        │     at node:internal/util:513:21
        │     at new Promise (<anonymous>)
        │     at node:internal/util:499:12
        │     at isomorphoicRun (/Users/feei/Documents/GitHub/feei.cn/node_modules/@rspack/core/dist/index.js:3656:65)
        │     at runLoaders (/Users/feei/Documents/GitHub/feei.cn/node_modules/@rspack/core/dist/index.js:3705:145)
      
 @ webpack-internal:///./node_modules/webpack-dev-server/client/modules/logger/index.js:607
[174004488ms] [ERROR] [webpack-dev-server] ERROR
  × Module build failed (from ./node_modules/postcss-loader/dist/cjs.js):
  ╰─▶   × Error: Cannot find module '/Users/feei/Documents/GitHub/feei.cn/node_modules/postcss/lib/postcss.js'
        │     at createEsmNotFoundErr (node:internal/modules/cjs/loader:1513:15)
        │     at finalizeEsmResolution (node:internal/modules/cjs/loader:1502:9)
        │     at resolveExports (node:internal/modules/cjs/loader:685:14)
        │     at Module._findPath (node:internal/modules/cjs/loader:752:31)
        │     at Module._resolveFilename (node:internal/modules/cjs/loader:1461:27)
        │     at wrapResolveFilename (node:internal/modules/cjs/loader:1049:27)
        │     at defaultResolveImplForCJSLoading (node:internal/modules/cjs/loader:1073:10)
        │     at resolveForCJSWithHooks (node:internal/modules/cjs/loader:1094:12)
        │     at Module._load (node:internal/modules/cjs/loader:1262:25)
        │     at wrapModuleLoad (node:internal/modules/cjs/loader:255:19)
        │     at Module.require (node:internal/modules/cjs/loader:1576:12)
        │     at require (node:internal/modules/helpers:153:16)
        │     at getPostcssImplementation (/Users/feei/Documents/GitHub/feei.cn/node_modules/postcss-loader/dist/utils.js:405:30)
        │     at Object.loader (/Users/feei/Documents/GitHub/feei.cn/node_modules/postcss-loader/dist/index.js:33:58)
        │     at /Users/feei/Documents/GitHub/feei.cn/node_modules/@rspack/core/dist/index.js:3153:29
        │     at node:internal/util:513:21
        │     at new Promise (<anonymous>)
        │     at node:internal/util:499:12
        │     at isomorphoicRun (/Users/feei/Documents/GitHub/feei.cn/node_modules/@rspack/core/dist/index.js:3656:65)
        │     at runLoaders (/Users/feei/Documents/GitHub/feei.cn/node_modules/@rspack/core/dist/index.js:3705:145)
      
 @ webpack-internal:///./node_modules/webpack-dev-server/client/modules/logger/index.js:607
[174004488ms] [ERROR] [webpack-dev-server] ERROR
  × Module build failed (from ./node_modules/postcss-loader/dist/cjs.js):
  ╰─▶   × Error: Cannot find module '/Users/feei/Documents/GitHub/feei.cn/node_modules/postcss/lib/postcss.js'
        │     at createEsmNotFoundErr (node:internal/modules/cjs/loader:1513:15)
        │     at finalizeEsmResolution (node:internal/modules/cjs/loader:1502:9)
        │     at resolveExports (node:internal/modules/cjs/loader:685:14)
        │     at Module._findPath (node:internal/modules/cjs/loader:752:31)
        │     at Module._resolveFilename (node:internal/modules/cjs/loader:1461:27)
        │     at wrapResolveFilename (node:internal/modules/cjs/loader:1049:27)
        │     at defaultResolveImplForCJSLoading (node:internal/modules/cjs/loader:1073:10)
        │     at resolveForCJSWithHooks (node:internal/modules/cjs/loader:1094:12)
        │     at Module._load (node:internal/modules/cjs/loader:1262:25)
        │     at wrapModuleLoad (node:internal/modules/cjs/loader:255:19)
        │     at Module.require (node:internal/modules/cjs/loader:1576:12)
        │     at require (node:internal/modules/helpers:153:16)
        │     at getPostcssImplementation (/Users/feei/Documents/GitHub/feei.cn/node_modules/postcss-loader/dist/utils.js:405:30)
        │     at Object.loader (/Users/feei/Documents/GitHub/feei.cn/node_modules/postcss-loader/dist/index.js:33:58)
        │     at /Users/feei/Documents/GitHub/feei.cn/node_modules/@rspack/core/dist/index.js:3153:29
        │     at node:internal/util:513:21
        │     at new Promise (<anonymous>)
        │     at node:internal/util:499:12
        │     at isomorphoicRun (/Users/feei/Documents/GitHub/feei.cn/node_modules/@rspack/core/dist/index.js:3656:65)
        │     at runLoaders (/Users/feei/Documents/GitHub/feei.cn/node_modules/@rspack/core/dist/index.js:3705:145)
      
 @ webpack-internal:///./node_modules/webpack-dev-server/client/modules/logger/index.js:607
[174004488ms] [ERROR] [webpack-dev-server] ERROR
  × Module build failed (from ./node_modules/postcss-loader/dist/cjs.js):
  ╰─▶   × Error: Cannot find module '/Users/feei/Documents/GitHub/feei.cn/node_modules/postcss/lib/postcss.js'
        │     at createEsmNotFoundErr (node:internal/modules/cjs/loader:1513:15)
        │     at finalizeEsmResolution (node:internal/modules/cjs/loader:1502:9)
        │     at resolveExports (node:internal/modules/cjs/loader:685:14)
        │     at Module._findPath (node:internal/modules/cjs/loader:752:31)
        │     at Module._resolveFilename (node:internal/modules/cjs/loader:1461:27)
        │     at wrapResolveFilename (node:internal/modules/cjs/loader:1049:27)
        │     at defaultResolveImplForCJSLoading (node:internal/modules/cjs/loader:1073:10)
        │     at resolveForCJSWithHooks (node:internal/modules/cjs/loader:1094:12)
        │     at Module._load (node:internal/modules/cjs/loader:1262:25)
        │     at wrapModuleLoad (node:internal/modules/cjs/loader:255:19)
        │     at Module.require (node:internal/modules/cjs/loader:1576:12)
        │     at require (node:internal/modules/helpers:153:16)
        │     at getPostcssImplementation (/Users/feei/Documents/GitHub/feei.cn/node_modules/postcss-loader/dist/utils.js:405:30)
        │     at Object.loader (/Users/feei/Documents/GitHub/feei.cn/node_modules/postcss-loader/dist/index.js:33:58)
        │     at /Users/feei/Documents/GitHub/feei.cn/node_modules/@rspack/core/dist/index.js:3153:29
        │     at node:internal/util:513:21
        │     at new Promise (<anonymous>)
        │     at node:internal/util:499:12
        │     at isomorphoicRun (/Users/feei/Documents/GitHub/feei.cn/node_modules/@rspack/core/dist/index.js:3656:65)
        │     at runLoaders (/Users/feei/Documents/GitHub/feei.cn/node_modules/@rspack/core/dist/index.js:3705:145)
      
 @ webpack-internal:///./node_modules/webpack-dev-server/client/modules/logger/index.js:607
[174004488ms] [ERROR] [webpack-dev-server] ERROR
  × Module build failed (from ./node_modules/postcss-loader/dist/cjs.js):
  ╰─▶   × Error: Cannot find module '/Users/feei/Documents/GitHub/feei.cn/node_modules/postcss/lib/postcss.js'
        │     at createEsmNotFoundErr (node:internal/modules/cjs/loader:1513:15)
        │     at finalizeEsmResolution (node:internal/modules/cjs/loader:1502:9)
        │     at resolveExports (node:internal/modules/cjs/loader:685:14)
        │     at Module._findPath (node:internal/modules/cjs/loader:752:31)
        │     at Module._resolveFilename (node:internal/modules/cjs/loader:1461:27)
        │     at wrapResolveFilename (node:internal/modules/cjs/loader:1049:27)
        │     at defaultResolveImplForCJSLoading (node:internal/modules/cjs/loader:1073:10)
        │     at resolveForCJSWithHooks (node:internal/modules/cjs/loader:1094:12)
        │     at Module._load (node:internal/modules/cjs/loader:1262:25)
        │     at wrapModuleLoad (node:internal/modules/cjs/loader:255:19)
        │     at Module.require (node:internal/modules/cjs/loader:1576:12)
        │     at require (node:internal/modules/helpers:153:16)
        │     at getPostcssImplementation (/Users/feei/Documents/GitHub/feei.cn/node_modules/postcss-loader/dist/utils.js:405:30)
        │     at Object.loader (/Users/feei/Documents/GitHub/feei.cn/node_modules/postcss-loader/dist/index.js:33:58)
        │     at /Users/feei/Documents/GitHub/feei.cn/node_modules/@rspack/core/dist/index.js:3153:29
        │     at node:internal/util:513:21
        │     at new Promise (<anonymous>)
        │     at node:internal/util:499:12
        │     at isomorphoicRun (/Users/feei/Documents/GitHub/feei.cn/node_modules/@rspack/core/dist/index.js:3656:65)
        │     at runLoaders (/Users/feei/Documents/GitHub/feei.cn/node_modules/@rspack/core/dist/index.js:3705:145)
      
 @ webpack-internal:///./node_modules/webpack-dev-server/client/modules/logger/index.js:607
[174004489ms] [ERROR] [webpack-dev-server] ERROR
  × Module build failed (from ./node_modules/postcss-loader/dist/cjs.js):
  ╰─▶   × Error: Cannot find module '/Users/feei/Documents/GitHub/feei.cn/node_modules/postcss/lib/postcss.js'
        │     at createEsmNotFoundErr (node:internal/modules/cjs/loader:1513:15)
        │     at finalizeEsmResolution (node:internal/modules/cjs/loader:1502:9)
        │     at resolveExports (node:internal/modules/cjs/loader:685:14)
        │     at Module._findPath (node:internal/modules/cjs/loader:752:31)
        │     at Module._resolveFilename (node:internal/modules/cjs/loader:1461:27)
        │     at wrapResolveFilename (node:internal/modules/cjs/loader:1049:27)
        │     at defaultResolveImplForCJSLoading (node:internal/modules/cjs/loader:1073:10)
        │     at resolveForCJSWithHooks (node:internal/modules/cjs/loader:1094:12)
        │     at Module._load (node:internal/modules/cjs/loader:1262:25)
        │     at wrapModuleLoad (node:internal/modules/cjs/loader:255:19)
        │     at Module.require (node:internal/modules/cjs/loader:1576:12)
        │     at require (node:internal/modules/helpers:153:16)
        │     at getPostcssImplementation (/Users/feei/Documents/GitHub/feei.cn/node_modules/postcss-loader/dist/utils.js:405:30)
        │     at Object.loader (/Users/feei/Documents/GitHub/feei.cn/node_modules/postcss-loader/dist/index.js:33:58)
        │     at /Users/feei/Documents/GitHub/feei.cn/node_modules/@rspack/core/dist/index.js:3153:29
        │     at node:internal/util:513:21
        │     at new Promise (<anonymous>)
        │     at node:internal/util:499:12
        │     at isomorphoicRun (/Users/feei/Documents/GitHub/feei.cn/node_modules/@rspack/core/dist/index.js:3656:65)
        │     at runLoaders (/Users/feei/Documents/GitHub/feei.cn/node_modules/@rspack/core/dist/index.js:3705:145)
      
 @ webpack-internal:///./node_modules/webpack-dev-server/client/modules/logger/index.js:607
[174004489ms] [ERROR] [webpack-dev-server] ERROR
  × Module build failed (from ./node_modules/postcss-loader/dist/cjs.js):
  ╰─▶   × Error: Cannot find module '/Users/feei/Documents/GitHub/feei.cn/node_modules/postcss/lib/postcss.js'
        │     at createEsmNotFoundErr (node:internal/modules/cjs/loader:1513:15)
        │     at finalizeEsmResolution (node:internal/modules/cjs/loader:1502:9)
        │     at resolveExports (node:internal/modules/cjs/loader:685:14)
        │     at Module._findPath (node:internal/modules/cjs/loader:752:31)
        │     at Module._resolveFilename (node:internal/modules/cjs/loader:1461:27)
        │     at wrapResolveFilename (node:internal/modules/cjs/loader:1049:27)
        │     at defaultResolveImplForCJSLoading (node:internal/modules/cjs/loader:1073:10)
        │     at resolveForCJSWithHooks (node:internal/modules/cjs/loader:1094:12)
        │     at Module._load (node:internal/modules/cjs/loader:1262:25)
        │     at wrapModuleLoad (node:internal/modules/cjs/loader:255:19)
        │     at Module.require (node:internal/modules/cjs/loader:1576:12)
        │     at require (node:internal/modules/helpers:153:16)
        │     at getPostcssImplementation (/Users/feei/Documents/GitHub/feei.cn/node_modules/postcss-loader/dist/utils.js:405:30)
        │     at Object.loader (/Users/feei/Documents/GitHub/feei.cn/node_modules/postcss-loader/dist/index.js:33:58)
        │     at /Users/feei/Documents/GitHub/feei.cn/node_modules/@rspack/core/dist/index.js:3153:29
        │     at node:internal/util:513:21
        │     at new Promise (<anonymous>)
        │     at node:internal/util:499:12
        │     at isomorphoicRun (/Users/feei/Documents/GitHub/feei.cn/node_modules/@rspack/core/dist/index.js:3656:65)
        │     at runLoaders (/Users/feei/Documents/GitHub/feei.cn/node_modules/@rspack/core/dist/index.js:3705:145)
      
 @ webpack-internal:///./node_modules/webpack-dev-server/client/modules/logger/index.js:607
[174004489ms] [ERROR] [webpack-dev-server] ERROR
  × Module build failed (from ./node_modules/postcss-loader/dist/cjs.js):
  ╰─▶   × Error: Cannot find module '/Users/feei/Documents/GitHub/feei.cn/node_modules/postcss/lib/postcss.js'
        │     at createEsmNotFoundErr (node:internal/modules/cjs/loader:1513:15)
        │     at finalizeEsmResolution (node:internal/modules/cjs/loader:1502:9)
        │     at resolveExports (node:internal/modules/cjs/loader:685:14)
        │     at Module._findPath (node:internal/modules/cjs/loader:752:31)
        │     at Module._resolveFilename (node:internal/modules/cjs/loader:1461:27)
        │     at wrapResolveFilename (node:internal/modules/cjs/loader:1049:27)
        │     at defaultResolveImplForCJSLoading (node:internal/modules/cjs/loader:1073:10)
        │     at resolveForCJSWithHooks (node:internal/modules/cjs/loader:1094:12)
        │     at Module._load (node:internal/modules/cjs/loader:1262:25)
        │     at wrapModuleLoad (node:internal/modules/cjs/loader:255:19)
        │     at Module.require (node:internal/modules/cjs/loader:1576:12)
        │     at require (node:internal/modules/helpers:153:16)
        │     at getPostcssImplementation (/Users/feei/Documents/GitHub/feei.cn/node_modules/postcss-loader/dist/utils.js:405:30)
        │     at Object.loader (/Users/feei/Documents/GitHub/feei.cn/node_modules/postcss-loader/dist/index.js:33:58)
        │     at /Users/feei/Documents/GitHub/feei.cn/node_modules/@rspack/core/dist/index.js:3153:29
        │     at node:internal/util:513:21
        │     at new Promise (<anonymous>)
        │     at node:internal/util:499:12
        │     at isomorphoicRun (/Users/feei/Documents/GitHub/feei.cn/node_modules/@rspack/core/dist/index.js:3656:65)
        │     at runLoaders (/Users/feei/Documents/GitHub/feei.cn/node_modules/@rspack/core/dist/index.js:3705:145)
      
 @ webpack-internal:///./node_modules/webpack-dev-server/client/modules/logger/index.js:607
[174004489ms] [ERROR] [webpack-dev-server] ERROR
  × Module build failed (from ./node_modules/postcss-loader/dist/cjs.js):
  ╰─▶   × Error: Cannot find module '/Users/feei/Documents/GitHub/feei.cn/node_modules/postcss/lib/postcss.js'
        │     at createEsmNotFoundErr (node:internal/modules/cjs/loader:1513:15)
        │     at finalizeEsmResolution (node:internal/modules/cjs/loader:1502:9)
        │     at resolveExports (node:internal/modules/cjs/loader:685:14)
        │     at Module._findPath (node:internal/modules/cjs/loader:752:31)
        │     at Module._resolveFilename (node:internal/modules/cjs/loader:1461:27)
        │     at wrapResolveFilename (node:internal/modules/cjs/loader:1049:27)
        │     at defaultResolveImplForCJSLoading (node:internal/modules/cjs/loader:1073:10)
        │     at resolveForCJSWithHooks (node:internal/modules/cjs/loader:1094:12)
        │     at Module._load (node:internal/modules/cjs/loader:1262:25)
        │     at wrapModuleLoad (node:internal/modules/cjs/loader:255:19)
        │     at Module.require (node:internal/modules/cjs/loader:1576:12)
        │     at require (node:internal/modules/helpers:153:16)
        │     at getPostcssImplementation (/Users/feei/Documents/GitHub/feei.cn/node_modules/postcss-loader/dist/utils.js:405:30)
        │     at Object.loader (/Users/feei/Documents/GitHub/feei.cn/node_modules/postcss-loader/dist/index.js:33:58)
        │     at /Users/feei/Documents/GitHub/feei.cn/node_modules/@rspack/core/dist/index.js:3153:29
        │     at node:internal/util:513:21
        │     at new Promise (<anonymous>)
        │     at node:internal/util:499:12
        │     at isomorphoicRun (/Users/feei/Documents/GitHub/feei.cn/node_modules/@rspack/core/dist/index.js:3656:65)
        │     at runLoaders (/Users/feei/Documents/GitHub/feei.cn/node_modules/@rspack/core/dist/index.js:3705:145)
      
 @ webpack-internal:///./node_modules/webpack-dev-server/client/modules/logger/index.js:607
[174004489ms] [ERROR] [webpack-dev-server] ERROR
  × Module build failed (from ./node_modules/postcss-loader/dist/cjs.js):
  ╰─▶   × Error: Cannot find module '/Users/feei/Documents/GitHub/feei.cn/node_modules/postcss/lib/postcss.js'
        │     at createEsmNotFoundErr (node:internal/modules/cjs/loader:1513:15)
        │     at finalizeEsmResolution (node:internal/modules/cjs/loader:1502:9)
        │     at resolveExports (node:internal/modules/cjs/loader:685:14)
        │     at Module._findPath (node:internal/modules/cjs/loader:752:31)
        │     at Module._resolveFilename (node:internal/modules/cjs/loader:1461:27)
        │     at wrapResolveFilename (node:internal/modules/cjs/loader:1049:27)
        │     at defaultResolveImplForCJSLoading (node:internal/modules/cjs/loader:1073:10)
        │     at resolveForCJSWithHooks (node:internal/modules/cjs/loader:1094:12)
        │     at Module._load (node:internal/modules/cjs/loader:1262:25)
        │     at wrapModuleLoad (node:internal/modules/cjs/loader:255:19)
        │     at Module.require (node:internal/modules/cjs/loader:1576:12)
        │     at require (node:internal/modules/helpers:153:16)
        │     at getPostcssImplementation (/Users/feei/Documents/GitHub/feei.cn/node_modules/postcss-loader/dist/utils.js:405:30)
        │     at Object.loader (/Users/feei/Documents/GitHub/feei.cn/node_modules/postcss-loader/dist/index.js:33:58)
        │     at /Users/feei/Documents/GitHub/feei.cn/node_modules/@rspack/core/dist/index.js:3153:29
        │     at node:internal/util:513:21
        │     at new Promise (<anonymous>)
        │     at node:internal/util:499:12
        │     at isomorphoicRun (/Users/feei/Documents/GitHub/feei.cn/node_modules/@rspack/core/dist/index.js:3656:65)
        │     at runLoaders (/Users/feei/Documents/GitHub/feei.cn/node_modules/@rspack/core/dist/index.js:3705:145)
      
 @ webpack-internal:///./node_modules/webpack-dev-server/client/modules/logger/index.js:607
[174004489ms] [ERROR] [webpack-dev-server] ERROR
  × Module build failed (from ./node_modules/postcss-loader/dist/cjs.js):
  ╰─▶   × Error: Cannot find module '/Users/feei/Documents/GitHub/feei.cn/node_modules/postcss/lib/postcss.js'
        │     at createEsmNotFoundErr (node:internal/modules/cjs/loader:1513:15)
        │     at finalizeEsmResolution (node:internal/modules/cjs/loader:1502:9)
        │     at resolveExports (node:internal/modules/cjs/loader:685:14)
        │     at Module._findPath (node:internal/modules/cjs/loader:752:31)
        │     at Module._resolveFilename (node:internal/modules/cjs/loader:1461:27)
        │     at wrapResolveFilename (node:internal/modules/cjs/loader:1049:27)
        │     at defaultResolveImplForCJSLoading (node:internal/modules/cjs/loader:1073:10)
        │     at resolveForCJSWithHooks (node:internal/modules/cjs/loader:1094:12)
        │     at Module._load (node:internal/modules/cjs/loader:1262:25)
        │     at wrapModuleLoad (node:internal/modules/cjs/loader:255:19)
        │     at Module.require (node:internal/modules/cjs/loader:1576:12)
        │     at require (node:internal/modules/helpers:153:16)
        │     at getPostcssImplementation (/Users/feei/Documents/GitHub/feei.cn/node_modules/postcss-loader/dist/utils.js:405:30)
        │     at Object.loader (/Users/feei/Documents/GitHub/feei.cn/node_modules/postcss-loader/dist/index.js:33:58)
        │     at /Users/feei/Documents/GitHub/feei.cn/node_modules/@rspack/core/dist/index.js:3153:29
        │     at node:internal/util:513:21
        │     at new Promise (<anonymous>)
        │     at node:internal/util:499:12
        │     at isomorphoicRun (/Users/feei/Documents/GitHub/feei.cn/node_modules/@rspack/core/dist/index.js:3656:65)
        │     at runLoaders (/Users/feei/Documents/GitHub/feei.cn/node_modules/@rspack/core/dist/index.js:3705:145)
      
 @ webpack-internal:///./node_modules/webpack-dev-server/client/modules/logger/index.js:607
[174004489ms] [ERROR] [webpack-dev-server] ERROR
  × Module build failed (from ./node_modules/postcss-loader/dist/cjs.js):
  ╰─▶   × Error: Cannot find module '/Users/feei/Documents/GitHub/feei.cn/node_modules/postcss/lib/postcss.js'
        │     at createEsmNotFoundErr (node:internal/modules/cjs/loader:1513:15)
        │     at finalizeEsmResolution (node:internal/modules/cjs/loader:1502:9)
        │     at resolveExports (node:internal/modules/cjs/loader:685:14)
        │     at Module._findPath (node:internal/modules/cjs/loader:752:31)
        │     at Module._resolveFilename (node:internal/modules/cjs/loader:1461:27)
        │     at wrapResolveFilename (node:internal/modules/cjs/loader:1049:27)
        │     at defaultResolveImplForCJSLoading (node:internal/modules/cjs/loader:1073:10)
        │     at resolveForCJSWithHooks (node:internal/modules/cjs/loader:1094:12)
        │     at Module._load (node:internal/modules/cjs/loader:1262:25)
        │     at wrapModuleLoad (node:internal/modules/cjs/loader:255:19)
        │     at Module.require (node:internal/modules/cjs/loader:1576:12)
        │     at require (node:internal/modules/helpers:153:16)
        │     at getPostcssImplementation (/Users/feei/Documents/GitHub/feei.cn/node_modules/postcss-loader/dist/utils.js:405:30)
        │     at Object.loader (/Users/feei/Documents/GitHub/feei.cn/node_modules/postcss-loader/dist/index.js:33:58)
        │     at /Users/feei/Documents/GitHub/feei.cn/node_modules/@rspack/core/dist/index.js:3153:29
        │     at node:internal/util:513:21
        │     at new Promise (<anonymous>)
        │     at node:internal/util:499:12
        │     at isomorphoicRun (/Users/feei/Documents/GitHub/feei.cn/node_modules/@rspack/core/dist/index.js:3656:65)
        │     at runLoaders (/Users/feei/Documents/GitHub/feei.cn/node_modules/@rspack/core/dist/index.js:3705:145)
      
 @ webpack-internal:///./node_modules/webpack-dev-server/client/modules/logger/index.js:607
[174004489ms] [ERROR] [webpack-dev-server] ERROR
  × Module build failed (from ./node_modules/postcss-loader/dist/cjs.js):
  ╰─▶   × Error: Cannot find module '/Users/feei/Documents/GitHub/feei.cn/node_modules/postcss/lib/postcss.js'
        │     at createEsmNotFoundErr (node:internal/modules/cjs/loader:1513:15)
        │     at finalizeEsmResolution (node:internal/modules/cjs/loader:1502:9)
        │     at resolveExports (node:internal/modules/cjs/loader:685:14)
        │     at Module._findPath (node:internal/modules/cjs/loader:752:31)
        │     at Module._resolveFilename (node:internal/modules/cjs/loader:1461:27)
        │     at wrapResolveFilename (node:internal/modules/cjs/loader:1049:27)
        │     at defaultResolveImplForCJSLoading (node:internal/modules/cjs/loader:1073:10)
        │     at resolveForCJSWithHooks (node:internal/modules/cjs/loader:1094:12)
        │     at Module._load (node:internal/modules/cjs/loader:1262:25)
        │     at wrapModuleLoad (node:internal/modules/cjs/loader:255:19)
        │     at Module.require (node:internal/modules/cjs/loader:1576:12)
        │     at require (node:internal/modules/helpers:153:16)
        │     at getPostcssImplementation (/Users/feei/Documents/GitHub/feei.cn/node_modules/postcss-loader/dist/utils.js:405:30)
        │     at Object.loader (/Users/feei/Documents/GitHub/feei.cn/node_modules/postcss-loader/dist/index.js:33:58)
        │     at /Users/feei/Documents/GitHub/feei.cn/node_modules/@rspack/core/dist/index.js:3153:29
        │     at node:internal/util:513:21
        │     at new Promise (<anonymous>)
        │     at node:internal/util:499:12
        │     at isomorphoicRun (/Users/feei/Documents/GitHub/feei.cn/node_modules/@rspack/core/dist/index.js:3656:65)
        │     at runLoaders (/Users/feei/Documents/GitHub/feei.cn/node_modules/@rspack/core/dist/index.js:3705:145)
      
 @ webpack-internal:///./node_modules/webpack-dev-server/client/modules/logger/index.js:607
[174004489ms] [ERROR] [webpack-dev-server] ERROR
  × Module build failed (from ./node_modules/postcss-loader/dist/cjs.js):
  ╰─▶   × Error: Cannot find module '/Users/feei/Documents/GitHub/feei.cn/node_modules/postcss/lib/postcss.js'
        │     at createEsmNotFoundErr (node:internal/modules/cjs/loader:1513:15)
        │     at finalizeEsmResolution (node:internal/modules/cjs/loader:1502:9)
        │     at resolveExports (node:internal/modules/cjs/loader:685:14)
        │     at Module._findPath (node:internal/modules/cjs/loader:752:31)
        │     at Module._resolveFilename (node:internal/modules/cjs/loader:1461:27)
        │     at wrapResolveFilename (node:internal/modules/cjs/loader:1049:27)
        │     at defaultResolveImplForCJSLoading (node:internal/modules/cjs/loader:1073:10)
        │     at resolveForCJSWithHooks (node:internal/modules/cjs/loader:1094:12)
        │     at Module._load (node:internal/modules/cjs/loader:1262:25)
        │     at wrapModuleLoad (node:internal/modules/cjs/loader:255:19)
        │     at Module.require (node:internal/modules/cjs/loader:1576:12)
        │     at require (node:internal/modules/helpers:153:16)
        │     at getPostcssImplementation (/Users/feei/Documents/GitHub/feei.cn/node_modules/postcss-loader/dist/utils.js:405:30)
        │     at Object.loader (/Users/feei/Documents/GitHub/feei.cn/node_modules/postcss-loader/dist/index.js:33:58)
        │     at /Users/feei/Documents/GitHub/feei.cn/node_modules/@rspack/core/dist/index.js:3153:29
        │     at node:internal/util:513:21
        │     at new Promise (<anonymous>)
        │     at node:internal/util:499:12
        │     at isomorphoicRun (/Users/feei/Documents/GitHub/feei.cn/node_modules/@rspack/core/dist/index.js:3656:65)
        │     at runLoaders (/Users/feei/Documents/GitHub/feei.cn/node_modules/@rspack/core/dist/index.js:3705:145)
      
 @ webpack-internal:///./node_modules/webpack-dev-server/client/modules/logger/index.js:607
[174004489ms] [ERROR] [webpack-dev-server] ERROR
  × Module build failed (from ./node_modules/postcss-loader/dist/cjs.js):
  ╰─▶   × Error: Cannot find module '/Users/feei/Documents/GitHub/feei.cn/node_modules/postcss/lib/postcss.js'
        │     at createEsmNotFoundErr (node:internal/modules/cjs/loader:1513:15)
        │     at finalizeEsmResolution (node:internal/modules/cjs/loader:1502:9)
        │     at resolveExports (node:internal/modules/cjs/loader:685:14)
        │     at Module._findPath (node:internal/modules/cjs/loader:752:31)
        │     at Module._resolveFilename (node:internal/modules/cjs/loader:1461:27)
        │     at wrapResolveFilename (node:internal/modules/cjs/loader:1049:27)
        │     at defaultResolveImplForCJSLoading (node:internal/modules/cjs/loader:1073:10)
        │     at resolveForCJSWithHooks (node:internal/modules/cjs/loader:1094:12)
        │     at Module._load (node:internal/modules/cjs/loader:1262:25)
        │     at wrapModuleLoad (node:internal/modules/cjs/loader:255:19)
        │     at Module.require (node:internal/modules/cjs/loader:1576:12)
        │     at require (node:internal/modules/helpers:153:16)
        │     at getPostcssImplementation (/Users/feei/Documents/GitHub/feei.cn/node_modules/postcss-loader/dist/utils.js:405:30)
        │     at Object.loader (/Users/feei/Documents/GitHub/feei.cn/node_modules/postcss-loader/dist/index.js:33:58)
        │     at /Users/feei/Documents/GitHub/feei.cn/node_modules/@rspack/core/dist/index.js:3153:29
        │     at node:internal/util:513:21
        │     at new Promise (<anonymous>)
        │     at node:internal/util:499:12
        │     at isomorphoicRun (/Users/feei/Documents/GitHub/feei.cn/node_modules/@rspack/core/dist/index.js:3656:65)
        │     at runLoaders (/Users/feei/Documents/GitHub/feei.cn/node_modules/@rspack/core/dist/index.js:3705:145)
      
 @ webpack-internal:///./node_modules/webpack-dev-server/client/modules/logger/index.js:607
[174004489ms] [ERROR] [webpack-dev-server] ERROR
  × Module build failed (from ./node_modules/postcss-loader/dist/cjs.js):
  ╰─▶   × Error: Cannot find module '/Users/feei/Documents/GitHub/feei.cn/node_modules/postcss/lib/postcss.js'
        │     at createEsmNotFoundErr (node:internal/modules/cjs/loader:1513:15)
        │     at finalizeEsmResolution (node:internal/modules/cjs/loader:1502:9)
        │     at resolveExports (node:internal/modules/cjs/loader:685:14)
        │     at Module._findPath (node:internal/modules/cjs/loader:752:31)
        │     at Module._resolveFilename (node:internal/modules/cjs/loader:1461:27)
        │     at wrapResolveFilename (node:internal/modules/cjs/loader:1049:27)
        │     at defaultResolveImplForCJSLoading (node:internal/modules/cjs/loader:1073:10)
        │     at resolveForCJSWithHooks (node:internal/modules/cjs/loader:1094:12)
        │     at Module._load (node:internal/modules/cjs/loader:1262:25)
        │     at wrapModuleLoad (node:internal/modules/cjs/loader:255:19)
        │     at Module.require (node:internal/modules/cjs/loader:1576:12)
        │     at require (node:internal/modules/helpers:153:16)
        │     at getPostcssImplementation (/Users/feei/Documents/GitHub/feei.cn/node_modules/postcss-loader/dist/utils.js:405:30)
        │     at Object.loader (/Users/feei/Documents/GitHub/feei.cn/node_modules/postcss-loader/dist/index.js:33:58)
        │     at /Users/feei/Documents/GitHub/feei.cn/node_modules/@rspack/core/dist/index.js:3153:29
        │     at node:internal/util:513:21
        │     at new Promise (<anonymous>)
        │     at node:internal/util:499:12
        │     at isomorphoicRun (/Users/feei/Documents/GitHub/feei.cn/node_modules/@rspack/core/dist/index.js:3656:65)
        │     at runLoaders (/Users/feei/Documents/GitHub/feei.cn/node_modules/@rspack/core/dist/index.js:3705:145)
      
 @ webpack-internal:///./node_modules/webpack-dev-server/client/modules/logger/index.js:607
[174004489ms] [ERROR] [webpack-dev-server] ERROR
  × Module build failed (from ./node_modules/postcss-loader/dist/cjs.js):
  ╰─▶   × Error: Cannot find module '/Users/feei/Documents/GitHub/feei.cn/node_modules/postcss/lib/postcss.js'
        │     at createEsmNotFoundErr (node:internal/modules/cjs/loader:1513:15)
        │     at finalizeEsmResolution (node:internal/modules/cjs/loader:1502:9)
        │     at resolveExports (node:internal/modules/cjs/loader:685:14)
        │     at Module._findPath (node:internal/modules/cjs/loader:752:31)
        │     at Module._resolveFilename (node:internal/modules/cjs/loader:1461:27)
        │     at wrapResolveFilename (node:internal/modules/cjs/loader:1049:27)
        │     at defaultResolveImplForCJSLoading (node:internal/modules/cjs/loader:1073:10)
        │     at resolveForCJSWithHooks (node:internal/modules/cjs/loader:1094:12)
        │     at Module._load (node:internal/modules/cjs/loader:1262:25)
        │     at wrapModuleLoad (node:internal/modules/cjs/loader:255:19)
        │     at Module.require (node:internal/modules/cjs/loader:1576:12)
        │     at require (node:internal/modules/helpers:153:16)
        │     at getPostcssImplementation (/Users/feei/Documents/GitHub/feei.cn/node_modules/postcss-loader/dist/utils.js:405:30)
        │     at Object.loader (/Users/feei/Documents/GitHub/feei.cn/node_modules/postcss-loader/dist/index.js:33:58)
        │     at /Users/feei/Documents/GitHub/feei.cn/node_modules/@rspack/core/dist/index.js:3153:29
        │     at node:internal/util:513:21
        │     at new Promise (<anonymous>)
        │     at node:internal/util:499:12
        │     at isomorphoicRun (/Users/feei/Documents/GitHub/feei.cn/node_modules/@rspack/core/dist/index.js:3656:65)
        │     at runLoaders (/Users/feei/Documents/GitHub/feei.cn/node_modules/@rspack/core/dist/index.js:3705:145)
      
 @ webpack-internal:///./node_modules/webpack-dev-server/client/modules/logger/index.js:607
[174004489ms] [ERROR] [webpack-dev-server] ERROR
  × Module build failed (from ./node_modules/postcss-loader/dist/cjs.js):
  ╰─▶   × Error: Cannot find module '/Users/feei/Documents/GitHub/feei.cn/node_modules/postcss/lib/postcss.js'
        │     at createEsmNotFoundErr (node:internal/modules/cjs/loader:1513:15)
        │     at finalizeEsmResolution (node:internal/modules/cjs/loader:1502:9)
        │     at resolveExports (node:internal/modules/cjs/loader:685:14)
        │     at Module._findPath (node:internal/modules/cjs/loader:752:31)
        │     at Module._resolveFilename (node:internal/modules/cjs/loader:1461:27)
        │     at wrapResolveFilename (node:internal/modules/cjs/loader:1049:27)
        │     at defaultResolveImplForCJSLoading (node:internal/modules/cjs/loader:1073:10)
        │     at resolveForCJSWithHooks (node:internal/modules/cjs/loader:1094:12)
        │     at Module._load (node:internal/modules/cjs/loader:1262:25)
        │     at wrapModuleLoad (node:internal/modules/cjs/loader:255:19)
        │     at Module.require (node:internal/modules/cjs/loader:1576:12)
        │     at require (node:internal/modules/helpers:153:16)
        │     at getPostcssImplementation (/Users/feei/Documents/GitHub/feei.cn/node_modules/postcss-loader/dist/utils.js:405:30)
        │     at Object.loader (/Users/feei/Documents/GitHub/feei.cn/node_modules/postcss-loader/dist/index.js:33:58)
        │     at /Users/feei/Documents/GitHub/feei.cn/node_modules/@rspack/core/dist/index.js:3153:29
        │     at node:internal/util:513:21
        │     at new Promise (<anonymous>)
        │     at node:internal/util:499:12
        │     at isomorphoicRun (/Users/feei/Documents/GitHub/feei.cn/node_modules/@rspack/core/dist/index.js:3656:65)
        │     at runLoaders (/Users/feei/Documents/GitHub/feei.cn/node_modules/@rspack/core/dist/index.js:3705:145)
      
 @ webpack-internal:///./node_modules/webpack-dev-server/client/modules/logger/index.js:607
[174004490ms] [ERROR] [webpack-dev-server] ERROR
  × Module build failed (from ./node_modules/postcss-loader/dist/cjs.js):
  ╰─▶   × Error: Cannot find module '/Users/feei/Documents/GitHub/feei.cn/node_modules/postcss/lib/postcss.js'
        │     at createEsmNotFoundErr (node:internal/modules/cjs/loader:1513:15)
        │     at finalizeEsmResolution (node:internal/modules/cjs/loader:1502:9)
        │     at resolveExports (node:internal/modules/cjs/loader:685:14)
        │     at Module._findPath (node:internal/modules/cjs/loader:752:31)
        │     at Module._resolveFilename (node:internal/modules/cjs/loader:1461:27)
        │     at wrapResolveFilename (node:internal/modules/cjs/loader:1049:27)
        │     at defaultResolveImplForCJSLoading (node:internal/modules/cjs/loader:1073:10)
        │     at resolveForCJSWithHooks (node:internal/modules/cjs/loader:1094:12)
        │     at Module._load (node:internal/modules/cjs/loader:1262:25)
        │     at wrapModuleLoad (node:internal/modules/cjs/loader:255:19)
        │     at Module.require (node:internal/modules/cjs/loader:1576:12)
        │     at require (node:internal/modules/helpers:153:16)
        │     at getPostcssImplementation (/Users/feei/Documents/GitHub/feei.cn/node_modules/postcss-loader/dist/utils.js:405:30)
        │     at Object.loader (/Users/feei/Documents/GitHub/feei.cn/node_modules/postcss-loader/dist/index.js:33:58)
        │     at /Users/feei/Documents/GitHub/feei.cn/node_modules/@rspack/core/dist/index.js:3153:29
        │     at node:internal/util:513:21
        │     at new Promise (<anonymous>)
        │     at node:internal/util:499:12
        │     at isomorphoicRun (/Users/feei/Documents/GitHub/feei.cn/node_modules/@rspack/core/dist/index.js:3656:65)
        │     at runLoaders (/Users/feei/Documents/GitHub/feei.cn/node_modules/@rspack/core/dist/index.js:3705:145)
      
 @ webpack-internal:///./node_modules/webpack-dev-server/client/modules/logger/index.js:607
[174004490ms] [ERROR] [webpack-dev-server] ERROR
  × Module build failed (from ./node_modules/postcss-loader/dist/cjs.js):
  ╰─▶   × Error: Cannot find module '/Users/feei/Documents/GitHub/feei.cn/node_modules/postcss/lib/postcss.js'
        │     at createEsmNotFoundErr (node:internal/modules/cjs/loader:1513:15)
        │     at finalizeEsmResolution (node:internal/modules/cjs/loader:1502:9)
        │     at resolveExports (node:internal/modules/cjs/loader:685:14)
        │     at Module._findPath (node:internal/modules/cjs/loader:752:31)
        │     at Module._resolveFilename (node:internal/modules/cjs/loader:1461:27)
        │     at wrapResolveFilename (node:internal/modules/cjs/loader:1049:27)
        │     at defaultResolveImplForCJSLoading (node:internal/modules/cjs/loader:1073:10)
        │     at resolveForCJSWithHooks (node:internal/modules/cjs/loader:1094:12)
        │     at Module._load (node:internal/modules/cjs/loader:1262:25)
        │     at wrapModuleLoad (node:internal/modules/cjs/loader:255:19)
        │     at Module.require (node:internal/modules/cjs/loader:1576:12)
        │     at require (node:internal/modules/helpers:153:16)
        │     at getPostcssImplementation (/Users/feei/Documents/GitHub/feei.cn/node_modules/postcss-loader/dist/utils.js:405:30)
        │     at Object.loader (/Users/feei/Documents/GitHub/feei.cn/node_modules/postcss-loader/dist/index.js:33:58)
        │     at /Users/feei/Documents/GitHub/feei.cn/node_modules/@rspack/core/dist/index.js:3153:29
        │     at node:internal/util:513:21
        │     at new Promise (<anonymous>)
        │     at node:internal/util:499:12
        │     at isomorphoicRun (/Users/feei/Documents/GitHub/feei.cn/node_modules/@rspack/core/dist/index.js:3656:65)
        │     at runLoaders (/Users/feei/Documents/GitHub/feei.cn/node_modules/@rspack/core/dist/index.js:3705:145)
      
 @ webpack-internal:///./node_modules/webpack-dev-server/client/modules/logger/index.js:607
[174004490ms] [ERROR] [webpack-dev-server] ERROR
  × Module build failed (from ./node_modules/postcss-loader/dist/cjs.js):
  ╰─▶   × Error: Cannot find module '/Users/feei/Documents/GitHub/feei.cn/node_modules/postcss/lib/postcss.js'
        │     at createEsmNotFoundErr (node:internal/modules/cjs/loader:1513:15)
        │     at finalizeEsmResolution (node:internal/modules/cjs/loader:1502:9)
        │     at resolveExports (node:internal/modules/cjs/loader:685:14)
        │     at Module._findPath (node:internal/modules/cjs/loader:752:31)
        │     at Module._resolveFilename (node:internal/modules/cjs/loader:1461:27)
        │     at wrapResolveFilename (node:internal/modules/cjs/loader:1049:27)
        │     at defaultResolveImplForCJSLoading (node:internal/modules/cjs/loader:1073:10)
        │     at resolveForCJSWithHooks (node:internal/modules/cjs/loader:1094:12)
        │     at Module._load (node:internal/modules/cjs/loader:1262:25)
        │     at wrapModuleLoad (node:internal/modules/cjs/loader:255:19)
        │     at Module.require (node:internal/modules/cjs/loader:1576:12)
        │     at require (node:internal/modules/helpers:153:16)
        │     at getPostcssImplementation (/Users/feei/Documents/GitHub/feei.cn/node_modules/postcss-loader/dist/utils.js:405:30)
        │     at Object.loader (/Users/feei/Documents/GitHub/feei.cn/node_modules/postcss-loader/dist/index.js:33:58)
        │     at /Users/feei/Documents/GitHub/feei.cn/node_modules/@rspack/core/dist/index.js:3153:29
        │     at node:internal/util:513:21
        │     at new Promise (<anonymous>)
        │     at node:internal/util:499:12
        │     at isomorphoicRun (/Users/feei/Documents/GitHub/feei.cn/node_modules/@rspack/core/dist/index.js:3656:65)
        │     at runLoaders (/Users/feei/Documents/GitHub/feei.cn/node_modules/@rspack/core/dist/index.js:3705:145)
      
 @ webpack-internal:///./node_modules/webpack-dev-server/client/modules/logger/index.js:607
[174004490ms] [ERROR] [webpack-dev-server] ERROR
  × Module build failed (from ./node_modules/postcss-loader/dist/cjs.js):
  ╰─▶   × Error: Cannot find module '/Users/feei/Documents/GitHub/feei.cn/node_modules/postcss/lib/postcss.js'
        │     at createEsmNotFoundErr (node:internal/modules/cjs/loader:1513:15)
        │     at finalizeEsmResolution (node:internal/modules/cjs/loader:1502:9)
        │     at resolveExports (node:internal/modules/cjs/loader:685:14)
        │     at Module._findPath (node:internal/modules/cjs/loader:752:31)
        │     at Module._resolveFilename (node:internal/modules/cjs/loader:1461:27)
        │     at wrapResolveFilename (node:internal/modules/cjs/loader:1049:27)
        │     at defaultResolveImplForCJSLoading (node:internal/modules/cjs/loader:1073:10)
        │     at resolveForCJSWithHooks (node:internal/modules/cjs/loader:1094:12)
        │     at Module._load (node:internal/modules/cjs/loader:1262:25)
        │     at wrapModuleLoad (node:internal/modules/cjs/loader:255:19)
        │     at Module.require (node:internal/modules/cjs/loader:1576:12)
        │     at require (node:internal/modules/helpers:153:16)
        │     at getPostcssImplementation (/Users/feei/Documents/GitHub/feei.cn/node_modules/postcss-loader/dist/utils.js:405:30)
        │     at Object.loader (/Users/feei/Documents/GitHub/feei.cn/node_modules/postcss-loader/dist/index.js:33:58)
        │     at /Users/feei/Documents/GitHub/feei.cn/node_modules/@rspack/core/dist/index.js:3153:29
        │     at node:internal/util:513:21
        │     at new Promise (<anonymous>)
        │     at node:internal/util:499:12
        │     at isomorphoicRun (/Users/feei/Documents/GitHub/feei.cn/node_modules/@rspack/core/dist/index.js:3656:65)
        │     at runLoaders (/Users/feei/Documents/GitHub/feei.cn/node_modules/@rspack/core/dist/index.js:3705:145)
      
 @ webpack-internal:///./node_modules/webpack-dev-server/client/modules/logger/index.js:607
[174004490ms] [ERROR] [webpack-dev-server] ERROR
  × Module build failed (from ./node_modules/postcss-loader/dist/cjs.js):
  ╰─▶   × Error: Cannot find module '/Users/feei/Documents/GitHub/feei.cn/node_modules/postcss/lib/postcss.js'
        │     at createEsmNotFoundErr (node:internal/modules/cjs/loader:1513:15)
        │     at finalizeEsmResolution (node:internal/modules/cjs/loader:1502:9)
        │     at resolveExports (node:internal/modules/cjs/loader:685:14)
        │     at Module._findPath (node:internal/modules/cjs/loader:752:31)
        │     at Module._resolveFilename (node:internal/modules/cjs/loader:1461:27)
        │     at wrapResolveFilename (node:internal/modules/cjs/loader:1049:27)
        │     at defaultResolveImplForCJSLoading (node:internal/modules/cjs/loader:1073:10)
        │     at resolveForCJSWithHooks (node:internal/modules/cjs/loader:1094:12)
        │     at Module._load (node:internal/modules/cjs/loader:1262:25)
        │     at wrapModuleLoad (node:internal/modules/cjs/loader:255:19)
        │     at Module.require (node:internal/modules/cjs/loader:1576:12)
        │     at require (node:internal/modules/helpers:153:16)
        │     at getPostcssImplementation (/Users/feei/Documents/GitHub/feei.cn/node_modules/postcss-loader/dist/utils.js:405:30)
        │     at Object.loader (/Users/feei/Documents/GitHub/feei.cn/node_modules/postcss-loader/dist/index.js:33:58)
        │     at /Users/feei/Documents/GitHub/feei.cn/node_modules/@rspack/core/dist/index.js:3153:29
        │     at node:internal/util:513:21
        │     at new Promise (<anonymous>)
        │     at node:internal/util:499:12
        │     at isomorphoicRun (/Users/feei/Documents/GitHub/feei.cn/node_modules/@rspack/core/dist/index.js:3656:65)
        │     at runLoaders (/Users/feei/Documents/GitHub/feei.cn/node_modules/@rspack/core/dist/index.js:3705:145)
      
 @ webpack-internal:///./node_modules/webpack-dev-server/client/modules/logger/index.js:607
[174004490ms] [ERROR] [webpack-dev-server] ERROR
  × Module build failed (from ./node_modules/postcss-loader/dist/cjs.js):
  ╰─▶   × Error: Cannot find module '/Users/feei/Documents/GitHub/feei.cn/node_modules/postcss/lib/postcss.js'
        │     at createEsmNotFoundErr (node:internal/modules/cjs/loader:1513:15)
        │     at finalizeEsmResolution (node:internal/modules/cjs/loader:1502:9)
        │     at resolveExports (node:internal/modules/cjs/loader:685:14)
        │     at Module._findPath (node:internal/modules/cjs/loader:752:31)
        │     at Module._resolveFilename (node:internal/modules/cjs/loader:1461:27)
        │     at wrapResolveFilename (node:internal/modules/cjs/loader:1049:27)
        │     at defaultResolveImplForCJSLoading (node:internal/modules/cjs/loader:1073:10)
        │     at resolveForCJSWithHooks (node:internal/modules/cjs/loader:1094:12)
        │     at Module._load (node:internal/modules/cjs/loader:1262:25)
        │     at wrapModuleLoad (node:internal/modules/cjs/loader:255:19)
        │     at Module.require (node:internal/modules/cjs/loader:1576:12)
        │     at require (node:internal/modules/helpers:153:16)
        │     at getPostcssImplementation (/Users/feei/Documents/GitHub/feei.cn/node_modules/postcss-loader/dist/utils.js:405:30)
        │     at Object.loader (/Users/feei/Documents/GitHub/feei.cn/node_modules/postcss-loader/dist/index.js:33:58)
        │     at /Users/feei/Documents/GitHub/feei.cn/node_modules/@rspack/core/dist/index.js:3153:29
        │     at node:internal/util:513:21
        │     at new Promise (<anonymous>)
        │     at node:internal/util:499:12
        │     at isomorphoicRun (/Users/feei/Documents/GitHub/feei.cn/node_modules/@rspack/core/dist/index.js:3656:65)
        │     at runLoaders (/Users/feei/Documents/GitHub/feei.cn/node_modules/@rspack/core/dist/index.js:3705:145)
      
 @ webpack-internal:///./node_modules/webpack-dev-server/client/modules/logger/index.js:607
[174004490ms] [ERROR] [webpack-dev-server] ERROR
  × Module build failed (from ./node_modules/postcss-loader/dist/cjs.js):
  ╰─▶   × Error: Cannot find module '/Users/feei/Documents/GitHub/feei.cn/node_modules/postcss/lib/postcss.js'
        │     at createEsmNotFoundErr (node:internal/modules/cjs/loader:1513:15)
        │     at finalizeEsmResolution (node:internal/modules/cjs/loader:1502:9)
        │     at resolveExports (node:internal/modules/cjs/loader:685:14)
        │     at Module._findPath (node:internal/modules/cjs/loader:752:31)
        │     at Module._resolveFilename (node:internal/modules/cjs/loader:1461:27)
        │     at wrapResolveFilename (node:internal/modules/cjs/loader:1049:27)
        │     at defaultResolveImplForCJSLoading (node:internal/modules/cjs/loader:1073:10)
        │     at resolveForCJSWithHooks (node:internal/modules/cjs/loader:1094:12)
        │     at Module._load (node:internal/modules/cjs/loader:1262:25)
        │     at wrapModuleLoad (node:internal/modules/cjs/loader:255:19)
        │     at Module.require (node:internal/modules/cjs/loader:1576:12)
        │     at require (node:internal/modules/helpers:153:16)
        │     at getPostcssImplementation (/Users/feei/Documents/GitHub/feei.cn/node_modules/postcss-loader/dist/utils.js:405:30)
        │     at Object.loader (/Users/feei/Documents/GitHub/feei.cn/node_modules/postcss-loader/dist/index.js:33:58)
        │     at /Users/feei/Documents/GitHub/feei.cn/node_modules/@rspack/core/dist/index.js:3153:29
        │     at node:internal/util:513:21
        │     at new Promise (<anonymous>)
        │     at node:internal/util:499:12
        │     at isomorphoicRun (/Users/feei/Documents/GitHub/feei.cn/node_modules/@rspack/core/dist/index.js:3656:65)
        │     at runLoaders (/Users/feei/Documents/GitHub/feei.cn/node_modules/@rspack/core/dist/index.js:3705:145)
      
 @ webpack-internal:///./node_modules/webpack-dev-server/client/modules/logger/index.js:607
[174004490ms] [ERROR] [webpack-dev-server] ERROR
  × Module build failed (from ./node_modules/postcss-loader/dist/cjs.js):
  ╰─▶   × Error: Cannot find module '/Users/feei/Documents/GitHub/feei.cn/node_modules/postcss/lib/postcss.js'
        │     at createEsmNotFoundErr (node:internal/modules/cjs/loader:1513:15)
        │     at finalizeEsmResolution (node:internal/modules/cjs/loader:1502:9)
        │     at resolveExports (node:internal/modules/cjs/loader:685:14)
        │     at Module._findPath (node:internal/modules/cjs/loader:752:31)
        │     at Module._resolveFilename (node:internal/modules/cjs/loader:1461:27)
        │     at wrapResolveFilename (node:internal/modules/cjs/loader:1049:27)
        │     at defaultResolveImplForCJSLoading (node:internal/modules/cjs/loader:1073:10)
        │     at resolveForCJSWithHooks (node:internal/modules/cjs/loader:1094:12)
        │     at Module._load (node:internal/modules/cjs/loader:1262:25)
        │     at wrapModuleLoad (node:internal/modules/cjs/loader:255:19)
        │     at Module.require (node:internal/modules/cjs/loader:1576:12)
        │     at require (node:internal/modules/helpers:153:16)
        │     at getPostcssImplementation (/Users/feei/Documents/GitHub/feei.cn/node_modules/postcss-loader/dist/utils.js:405:30)
        │     at Object.loader (/Users/feei/Documents/GitHub/feei.cn/node_modules/postcss-loader/dist/index.js:33:58)
        │     at /Users/feei/Documents/GitHub/feei.cn/node_modules/@rspack/core/dist/index.js:3153:29
        │     at node:internal/util:513:21
        │     at new Promise (<anonymous>)
        │     at node:internal/util:499:12
        │     at isomorphoicRun (/Users/feei/Documents/GitHub/feei.cn/node_modules/@rspack/core/dist/index.js:3656:65)
        │     at runLoaders (/Users/feei/Documents/GitHub/feei.cn/node_modules/@rspack/core/dist/index.js:3705:145)
      
 @ webpack-internal:///./node_modules/webpack-dev-server/client/modules/logger/index.js:607
[174004490ms] [ERROR] [webpack-dev-server] ERROR
  × Module build failed (from ./node_modules/postcss-loader/dist/cjs.js):
  ╰─▶   × Error: Cannot find module '/Users/feei/Documents/GitHub/feei.cn/node_modules/postcss/lib/postcss.js'
        │     at createEsmNotFoundErr (node:internal/modules/cjs/loader:1513:15)
        │     at finalizeEsmResolution (node:internal/modules/cjs/loader:1502:9)
        │     at resolveExports (node:internal/modules/cjs/loader:685:14)
        │     at Module._findPath (node:internal/modules/cjs/loader:752:31)
        │     at Module._resolveFilename (node:internal/modules/cjs/loader:1461:27)
        │     at wrapResolveFilename (node:internal/modules/cjs/loader:1049:27)
        │     at defaultResolveImplForCJSLoading (node:internal/modules/cjs/loader:1073:10)
        │     at resolveForCJSWithHooks (node:internal/modules/cjs/loader:1094:12)
        │     at Module._load (node:internal/modules/cjs/loader:1262:25)
        │     at wrapModuleLoad (node:internal/modules/cjs/loader:255:19)
        │     at Module.require (node:internal/modules/cjs/loader:1576:12)
        │     at require (node:internal/modules/helpers:153:16)
        │     at getPostcssImplementation (/Users/feei/Documents/GitHub/feei.cn/node_modules/postcss-loader/dist/utils.js:405:30)
        │     at Object.loader (/Users/feei/Documents/GitHub/feei.cn/node_modules/postcss-loader/dist/index.js:33:58)
        │     at /Users/feei/Documents/GitHub/feei.cn/node_modules/@rspack/core/dist/index.js:3153:29
        │     at node:internal/util:513:21
        │     at new Promise (<anonymous>)
        │     at node:internal/util:499:12
        │     at isomorphoicRun (/Users/feei/Documents/GitHub/feei.cn/node_modules/@rspack/core/dist/index.js:3656:65)
        │     at runLoaders (/Users/feei/Documents/GitHub/feei.cn/node_modules/@rspack/core/dist/index.js:3705:145)
      
 @ webpack-internal:///./node_modules/webpack-dev-server/client/modules/logger/index.js:607
[174004491ms] [ERROR] [webpack-dev-server] ERROR
  × Module build failed (from ./node_modules/postcss-loader/dist/cjs.js):
  ╰─▶   × Error: Cannot find module '/Users/feei/Documents/GitHub/feei.cn/node_modules/postcss/lib/postcss.js'
        │     at createEsmNotFoundErr (node:internal/modules/cjs/loader:1513:15)
        │     at finalizeEsmResolution (node:internal/modules/cjs/loader:1502:9)
        │     at resolveExports (node:internal/modules/cjs/loader:685:14)
        │     at Module._findPath (node:internal/modules/cjs/loader:752:31)
        │     at Module._resolveFilename (node:internal/modules/cjs/loader:1461:27)
        │     at wrapResolveFilename (node:internal/modules/cjs/loader:1049:27)
        │     at defaultResolveImplForCJSLoading (node:internal/modules/cjs/loader:1073:10)
        │     at resolveForCJSWithHooks (node:internal/modules/cjs/loader:1094:12)
        │     at Module._load (node:internal/modules/cjs/loader:1262:25)
        │     at wrapModuleLoad (node:internal/modules/cjs/loader:255:19)
        │     at Module.require (node:internal/modules/cjs/loader:1576:12)
        │     at require (node:internal/modules/helpers:153:16)
        │     at getPostcssImplementation (/Users/feei/Documents/GitHub/feei.cn/node_modules/postcss-loader/dist/utils.js:405:30)
        │     at Object.loader (/Users/feei/Documents/GitHub/feei.cn/node_modules/postcss-loader/dist/index.js:33:58)
        │     at /Users/feei/Documents/GitHub/feei.cn/node_modules/@rspack/core/dist/index.js:3153:29
        │     at node:internal/util:513:21
        │     at new Promise (<anonymous>)
        │     at node:internal/util:499:12
        │     at isomorphoicRun (/Users/feei/Documents/GitHub/feei.cn/node_modules/@rspack/core/dist/index.js:3656:65)
        │     at runLoaders (/Users/feei/Documents/GitHub/feei.cn/node_modules/@rspack/core/dist/index.js:3705:145)
      
 @ webpack-internal:///./node_modules/webpack-dev-server/client/modules/logger/index.js:607
[174004491ms] [ERROR] [webpack-dev-server] ERROR
  × Module build failed (from ./node_modules/postcss-loader/dist/cjs.js):
  ╰─▶   × Error: Cannot find module '/Users/feei/Documents/GitHub/feei.cn/node_modules/postcss/lib/postcss.js'
        │     at createEsmNotFoundErr (node:internal/modules/cjs/loader:1513:15)
        │     at finalizeEsmResolution (node:internal/modules/cjs/loader:1502:9)
        │     at resolveExports (node:internal/modules/cjs/loader:685:14)
        │     at Module._findPath (node:internal/modules/cjs/loader:752:31)
        │     at Module._resolveFilename (node:internal/modules/cjs/loader:1461:27)
        │     at wrapResolveFilename (node:internal/modules/cjs/loader:1049:27)
        │     at defaultResolveImplForCJSLoading (node:internal/modules/cjs/loader:1073:10)
        │     at resolveForCJSWithHooks (node:internal/modules/cjs/loader:1094:12)
        │     at Module._load (node:internal/modules/cjs/loader:1262:25)
        │     at wrapModuleLoad (node:internal/modules/cjs/loader:255:19)
        │     at Module.require (node:internal/modules/cjs/loader:1576:12)
        │     at require (node:internal/modules/helpers:153:16)
        │     at getPostcssImplementation (/Users/feei/Documents/GitHub/feei.cn/node_modules/postcss-loader/dist/utils.js:405:30)
        │     at Object.loader (/Users/feei/Documents/GitHub/feei.cn/node_modules/postcss-loader/dist/index.js:33:58)
        │     at /Users/feei/Documents/GitHub/feei.cn/node_modules/@rspack/core/dist/index.js:3153:29
        │     at node:internal/util:513:21
        │     at new Promise (<anonymous>)
        │     at node:internal/util:499:12
        │     at isomorphoicRun (/Users/feei/Documents/GitHub/feei.cn/node_modules/@rspack/core/dist/index.js:3656:65)
        │     at runLoaders (/Users/feei/Documents/GitHub/feei.cn/node_modules/@rspack/core/dist/index.js:3705:145)
      
 @ webpack-internal:///./node_modules/webpack-dev-server/client/modules/logger/index.js:607
[174004491ms] [ERROR] [webpack-dev-server] ERROR
  × Module build failed (from ./node_modules/postcss-loader/dist/cjs.js):
  ╰─▶   × Error: Cannot find module '/Users/feei/Documents/GitHub/feei.cn/node_modules/postcss/lib/postcss.js'
        │     at createEsmNotFoundErr (node:internal/modules/cjs/loader:1513:15)
        │     at finalizeEsmResolution (node:internal/modules/cjs/loader:1502:9)
        │     at resolveExports (node:internal/modules/cjs/loader:685:14)
        │     at Module._findPath (node:internal/modules/cjs/loader:752:31)
        │     at Module._resolveFilename (node:internal/modules/cjs/loader:1461:27)
        │     at wrapResolveFilename (node:internal/modules/cjs/loader:1049:27)
        │     at defaultResolveImplForCJSLoading (node:internal/modules/cjs/loader:1073:10)
        │     at resolveForCJSWithHooks (node:internal/modules/cjs/loader:1094:12)
        │     at Module._load (node:internal/modules/cjs/loader:1262:25)
        │     at wrapModuleLoad (node:internal/modules/cjs/loader:255:19)
        │     at Module.require (node:internal/modules/cjs/loader:1576:12)
        │     at require (node:internal/modules/helpers:153:16)
        │     at getPostcssImplementation (/Users/feei/Documents/GitHub/feei.cn/node_modules/postcss-loader/dist/utils.js:405:30)
        │     at Object.loader (/Users/feei/Documents/GitHub/feei.cn/node_modules/postcss-loader/dist/index.js:33:58)
        │     at /Users/feei/Documents/GitHub/feei.cn/node_modules/@rspack/core/dist/index.js:3153:29
        │     at node:internal/util:513:21
        │     at new Promise (<anonymous>)
        │     at node:internal/util:499:12
        │     at isomorphoicRun (/Users/feei/Documents/GitHub/feei.cn/node_modules/@rspack/core/dist/index.js:3656:65)
        │     at runLoaders (/Users/feei/Documents/GitHub/feei.cn/node_modules/@rspack/core/dist/index.js:3705:145)
      
 @ webpack-internal:///./node_modules/webpack-dev-server/client/modules/logger/index.js:607
[174004491ms] [ERROR] [webpack-dev-server] ERROR
  × Module build failed (from ./node_modules/postcss-loader/dist/cjs.js):
  ╰─▶   × Error: Cannot find module '/Users/feei/Documents/GitHub/feei.cn/node_modules/postcss/lib/postcss.js'
        │     at createEsmNotFoundErr (node:internal/modules/cjs/loader:1513:15)
        │     at finalizeEsmResolution (node:internal/modules/cjs/loader:1502:9)
        │     at resolveExports (node:internal/modules/cjs/loader:685:14)
        │     at Module._findPath (node:internal/modules/cjs/loader:752:31)
        │     at Module._resolveFilename (node:internal/modules/cjs/loader:1461:27)
        │     at wrapResolveFilename (node:internal/modules/cjs/loader:1049:27)
        │     at defaultResolveImplForCJSLoading (node:internal/modules/cjs/loader:1073:10)
        │     at resolveForCJSWithHooks (node:internal/modules/cjs/loader:1094:12)
        │     at Module._load (node:internal/modules/cjs/loader:1262:25)
        │     at wrapModuleLoad (node:internal/modules/cjs/loader:255:19)
        │     at Module.require (node:internal/modules/cjs/loader:1576:12)
        │     at require (node:internal/modules/helpers:153:16)
        │     at getPostcssImplementation (/Users/feei/Documents/GitHub/feei.cn/node_modules/postcss-loader/dist/utils.js:405:30)
        │     at Object.loader (/Users/feei/Documents/GitHub/feei.cn/node_modules/postcss-loader/dist/index.js:33:58)
        │     at /Users/feei/Documents/GitHub/feei.cn/node_modules/@rspack/core/dist/index.js:3153:29
        │     at node:internal/util:513:21
        │     at new Promise (<anonymous>)
        │     at node:internal/util:499:12
        │     at isomorphoicRun (/Users/feei/Documents/GitHub/feei.cn/node_modules/@rspack/core/dist/index.js:3656:65)
        │     at runLoaders (/Users/feei/Documents/GitHub/feei.cn/node_modules/@rspack/core/dist/index.js:3705:145)
      
 @ webpack-internal:///./node_modules/webpack-dev-server/client/modules/logger/index.js:607
[174004491ms] [ERROR] [webpack-dev-server] ERROR
  × Module build failed (from ./node_modules/postcss-loader/dist/cjs.js):
  ╰─▶   × Error: Cannot find module '/Users/feei/Documents/GitHub/feei.cn/node_modules/postcss/lib/postcss.js'
        │     at createEsmNotFoundErr (node:internal/modules/cjs/loader:1513:15)
        │     at finalizeEsmResolution (node:internal/modules/cjs/loader:1502:9)
        │     at resolveExports (node:internal/modules/cjs/loader:685:14)
        │     at Module._findPath (node:internal/modules/cjs/loader:752:31)
        │     at Module._resolveFilename (node:internal/modules/cjs/loader:1461:27)
        │     at wrapResolveFilename (node:internal/modules/cjs/loader:1049:27)
        │     at defaultResolveImplForCJSLoading (node:internal/modules/cjs/loader:1073:10)
        │     at resolveForCJSWithHooks (node:internal/modules/cjs/loader:1094:12)
        │     at Module._load (node:internal/modules/cjs/loader:1262:25)
        │     at wrapModuleLoad (node:internal/modules/cjs/loader:255:19)
        │     at Module.require (node:internal/modules/cjs/loader:1576:12)
        │     at require (node:internal/modules/helpers:153:16)
        │     at getPostcssImplementation (/Users/feei/Documents/GitHub/feei.cn/node_modules/postcss-loader/dist/utils.js:405:30)
        │     at Object.loader (/Users/feei/Documents/GitHub/feei.cn/node_modules/postcss-loader/dist/index.js:33:58)
        │     at /Users/feei/Documents/GitHub/feei.cn/node_modules/@rspack/core/dist/index.js:3153:29
        │     at node:internal/util:513:21
        │     at new Promise (<anonymous>)
        │     at node:internal/util:499:12
        │     at isomorphoicRun (/Users/feei/Documents/GitHub/feei.cn/node_modules/@rspack/core/dist/index.js:3656:65)
        │     at runLoaders (/Users/feei/Documents/GitHub/feei.cn/node_modules/@rspack/core/dist/index.js:3705:145)
      
 @ webpack-internal:///./node_modules/webpack-dev-server/client/modules/logger/index.js:607
[174004491ms] [ERROR] [webpack-dev-server] ERROR
  × Module build failed (from ./node_modules/postcss-loader/dist/cjs.js):
  ╰─▶   × Error: Cannot find module '/Users/feei/Documents/GitHub/feei.cn/node_modules/postcss/lib/postcss.js'
        │     at createEsmNotFoundErr (node:internal/modules/cjs/loader:1513:15)
        │     at finalizeEsmResolution (node:internal/modules/cjs/loader:1502:9)
        │     at resolveExports (node:internal/modules/cjs/loader:685:14)
        │     at Module._findPath (node:internal/modules/cjs/loader:752:31)
        │     at Module._resolveFilename (node:internal/modules/cjs/loader:1461:27)
        │     at wrapResolveFilename (node:internal/modules/cjs/loader:1049:27)
        │     at defaultResolveImplForCJSLoading (node:internal/modules/cjs/loader:1073:10)
        │     at resolveForCJSWithHooks (node:internal/modules/cjs/loader:1094:12)
        │     at Module._load (node:internal/modules/cjs/loader:1262:25)
        │     at wrapModuleLoad (node:internal/modules/cjs/loader:255:19)
        │     at Module.require (node:internal/modules/cjs/loader:1576:12)
        │     at require (node:internal/modules/helpers:153:16)
        │     at getPostcssImplementation (/Users/feei/Documents/GitHub/feei.cn/node_modules/postcss-loader/dist/utils.js:405:30)
        │     at Object.loader (/Users/feei/Documents/GitHub/feei.cn/node_modules/postcss-loader/dist/index.js:33:58)
        │     at /Users/feei/Documents/GitHub/feei.cn/node_modules/@rspack/core/dist/index.js:3153:29
        │     at node:internal/util:513:21
        │     at new Promise (<anonymous>)
        │     at node:internal/util:499:12
        │     at isomorphoicRun (/Users/feei/Documents/GitHub/feei.cn/node_modules/@rspack/core/dist/index.js:3656:65)
        │     at runLoaders (/Users/feei/Documents/GitHub/feei.cn/node_modules/@rspack/core/dist/index.js:3705:145)
      
 @ webpack-internal:///./node_modules/webpack-dev-server/client/modules/logger/index.js:607
[174004491ms] [ERROR] [webpack-dev-server] ERROR
  × Module build failed (from ./node_modules/postcss-loader/dist/cjs.js):
  ╰─▶   × Error: Cannot find module '/Users/feei/Documents/GitHub/feei.cn/node_modules/postcss/lib/postcss.js'
        │     at createEsmNotFoundErr (node:internal/modules/cjs/loader:1513:15)
        │     at finalizeEsmResolution (node:internal/modules/cjs/loader:1502:9)
        │     at resolveExports (node:internal/modules/cjs/loader:685:14)
        │     at Module._findPath (node:internal/modules/cjs/loader:752:31)
        │     at Module._resolveFilename (node:internal/modules/cjs/loader:1461:27)
        │     at wrapResolveFilename (node:internal/modules/cjs/loader:1049:27)
        │     at defaultResolveImplForCJSLoading (node:internal/modules/cjs/loader:1073:10)
        │     at resolveForCJSWithHooks (node:internal/modules/cjs/loader:1094:12)
        │     at Module._load (node:internal/modules/cjs/loader:1262:25)
        │     at wrapModuleLoad (node:internal/modules/cjs/loader:255:19)
        │     at Module.require (node:internal/modules/cjs/loader:1576:12)
        │     at require (node:internal/modules/helpers:153:16)
        │     at getPostcssImplementation (/Users/feei/Documents/GitHub/feei.cn/node_modules/postcss-loader/dist/utils.js:405:30)
        │     at Object.loader (/Users/feei/Documents/GitHub/feei.cn/node_modules/postcss-loader/dist/index.js:33:58)
        │     at /Users/feei/Documents/GitHub/feei.cn/node_modules/@rspack/core/dist/index.js:3153:29
        │     at node:internal/util:513:21
        │     at new Promise (<anonymous>)
        │     at node:internal/util:499:12
        │     at isomorphoicRun (/Users/feei/Documents/GitHub/feei.cn/node_modules/@rspack/core/dist/index.js:3656:65)
        │     at runLoaders (/Users/feei/Documents/GitHub/feei.cn/node_modules/@rspack/core/dist/index.js:3705:145)
      
 @ webpack-internal:///./node_modules/webpack-dev-server/client/modules/logger/index.js:607
[174004491ms] [ERROR] [webpack-dev-server] ERROR
  × Module build failed (from ./node_modules/postcss-loader/dist/cjs.js):
  ╰─▶   × Error: Cannot find module '/Users/feei/Documents/GitHub/feei.cn/node_modules/postcss/lib/postcss.js'
        │     at createEsmNotFoundErr (node:internal/modules/cjs/loader:1513:15)
        │     at finalizeEsmResolution (node:internal/modules/cjs/loader:1502:9)
        │     at resolveExports (node:internal/modules/cjs/loader:685:14)
        │     at Module._findPath (node:internal/modules/cjs/loader:752:31)
        │     at Module._resolveFilename (node:internal/modules/cjs/loader:1461:27)
        │     at wrapResolveFilename (node:internal/modules/cjs/loader:1049:27)
        │     at defaultResolveImplForCJSLoading (node:internal/modules/cjs/loader:1073:10)
        │     at resolveForCJSWithHooks (node:internal/modules/cjs/loader:1094:12)
        │     at Module._load (node:internal/modules/cjs/loader:1262:25)
        │     at wrapModuleLoad (node:internal/modules/cjs/loader:255:19)
        │     at Module.require (node:internal/modules/cjs/loader:1576:12)
        │     at require (node:internal/modules/helpers:153:16)
        │     at getPostcssImplementation (/Users/feei/Documents/GitHub/feei.cn/node_modules/postcss-loader/dist/utils.js:405:30)
        │     at Object.loader (/Users/feei/Documents/GitHub/feei.cn/node_modules/postcss-loader/dist/index.js:33:58)
        │     at /Users/feei/Documents/GitHub/feei.cn/node_modules/@rspack/core/dist/index.js:3153:29
        │     at node:internal/util:513:21
        │     at new Promise (<anonymous>)
        │     at node:internal/util:499:12
        │     at isomorphoicRun (/Users/feei/Documents/GitHub/feei.cn/node_modules/@rspack/core/dist/index.js:3656:65)
        │     at runLoaders (/Users/feei/Documents/GitHub/feei.cn/node_modules/@rspack/core/dist/index.js:3705:145)
      
 @ webpack-internal:///./node_modules/webpack-dev-server/client/modules/logger/index.js:607
[174004491ms] [ERROR] [webpack-dev-server] ERROR
  × Module build failed (from ./node_modules/postcss-loader/dist/cjs.js):
  ╰─▶   × Error: Cannot find module '/Users/feei/Documents/GitHub/feei.cn/node_modules/postcss/lib/postcss.js'
        │     at createEsmNotFoundErr (node:internal/modules/cjs/loader:1513:15)
        │     at finalizeEsmResolution (node:internal/modules/cjs/loader:1502:9)
        │     at resolveExports (node:internal/modules/cjs/loader:685:14)
        │     at Module._findPath (node:internal/modules/cjs/loader:752:31)
        │     at Module._resolveFilename (node:internal/modules/cjs/loader:1461:27)
        │     at wrapResolveFilename (node:internal/modules/cjs/loader:1049:27)
        │     at defaultResolveImplForCJSLoading (node:internal/modules/cjs/loader:1073:10)
        │     at resolveForCJSWithHooks (node:internal/modules/cjs/loader:1094:12)
        │     at Module._load (node:internal/modules/cjs/loader:1262:25)
        │     at wrapModuleLoad (node:internal/modules/cjs/loader:255:19)
        │     at Module.require (node:internal/modules/cjs/loader:1576:12)
        │     at require (node:internal/modules/helpers:153:16)
        │     at getPostcssImplementation (/Users/feei/Documents/GitHub/feei.cn/node_modules/postcss-loader/dist/utils.js:405:30)
        │     at Object.loader (/Users/feei/Documents/GitHub/feei.cn/node_modules/postcss-loader/dist/index.js:33:58)
        │     at /Users/feei/Documents/GitHub/feei.cn/node_modules/@rspack/core/dist/index.js:3153:29
        │     at node:internal/util:513:21
        │     at new Promise (<anonymous>)
        │     at node:internal/util:499:12
        │     at isomorphoicRun (/Users/feei/Documents/GitHub/feei.cn/node_modules/@rspack/core/dist/index.js:3656:65)
        │     at runLoaders (/Users/feei/Documents/GitHub/feei.cn/node_modules/@rspack/core/dist/index.js:3705:145)
      
 @ webpack-internal:///./node_modules/webpack-dev-server/client/modules/logger/index.js:607
[174064741ms] [LOG] [HMR] Reload all CSS @ webpack-internal:///./node_modules/@rspack/core/dist/cssExtractHmr.js:109
[174064758ms] [LOG] [HMR] Reload all CSS @ webpack-internal:///./node_modules/@rspack/core/dist/cssExtractHmr.js:109
[174064792ms] [LOG] [HMR] Reload all CSS @ webpack-internal:///./node_modules/@rspack/core/dist/cssExtractHmr.js:109
[174064793ms] [LOG] [HMR] Reload all CSS @ webpack-internal:///./node_modules/@rspack/core/dist/cssExtractHmr.js:109
[174064798ms] [LOG] [HMR] Reload all CSS @ webpack-internal:///./node_modules/@rspack/core/dist/cssExtractHmr.js:109
[174064802ms] [LOG] [HMR] Reload all CSS @ webpack-internal:///./node_modules/@rspack/core/dist/cssExtractHmr.js:109
[174064809ms] [LOG] [HMR] Reload all CSS @ webpack-internal:///./node_modules/@rspack/core/dist/cssExtractHmr.js:109
[174064816ms] [LOG] [HMR] Reload all CSS @ webpack-internal:///./node_modules/@rspack/core/dist/cssExtractHmr.js:109
[174064951ms] [LOG] [HMR] Reload all CSS @ webpack-internal:///./node_modules/@rspack/core/dist/cssExtractHmr.js:109
[174064951ms] [LOG] [HMR] Reload all CSS @ webpack-internal:///./node_modules/@rspack/core/dist/cssExtractHmr.js:109
[174064952ms] [LOG] [HMR] Reload all CSS @ webpack-internal:///./node_modules/@rspack/core/dist/cssExtractHmr.js:109
[174064960ms] [LOG] [HMR] Reload all CSS @ webpack-internal:///./node_modules/@rspack/core/dist/cssExtractHmr.js:109
[174064961ms] [LOG] [HMR] Reload all CSS @ webpack-internal:///./node_modules/@rspack/core/dist/cssExtractHmr.js:109
[174064961ms] [LOG] [HMR] Reload all CSS @ webpack-internal:///./node_modules/@rspack/core/dist/cssExtractHmr.js:109
[174064961ms] [LOG] [HMR] Reload all CSS @ webpack-internal:///./node_modules/@rspack/core/dist/cssExtractHmr.js:109
[174064961ms] [LOG] [HMR] Reload all CSS @ webpack-internal:///./node_modules/@rspack/core/dist/cssExtractHmr.js:109
[174064962ms] [LOG] [HMR] Reload all CSS @ webpack-internal:///./node_modules/@rspack/core/dist/cssExtractHmr.js:109
[174064962ms] [LOG] [HMR] Reload all CSS @ webpack-internal:///./node_modules/@rspack/core/dist/cssExtractHmr.js:109
[174064963ms] [LOG] [HMR] Reload all CSS @ webpack-internal:///./node_modules/@rspack/core/dist/cssExtractHmr.js:109
[174064963ms] [LOG] [HMR] Reload all CSS @ webpack-internal:///./node_modules/@rspack/core/dist/cssExtractHmr.js:109
[174066247ms] [INFO] %cDownload the React DevTools for a better development experience: https://react.dev/link/react-devtools font-weight:bold @ webpack-internal:///./node_modules/react-dom/cjs/react-dom-client.development.js:28003
[174369229ms] [LOG] [HMR] Reload all CSS @ webpack-internal:///./node_modules/@rspack/core/dist/cssExtractHmr.js:109
[174725246ms] [LOG] [HMR] Reload all CSS @ webpack-internal:///./node_modules/@rspack/core/dist/cssExtractHmr.js:109
[174904756ms] [LOG] [HMR] Reload all CSS @ webpack-internal:///./node_modules/@rspack/core/dist/cssExtractHmr.js:109
[175207561ms] [LOG] [HMR] Reload all CSS @ webpack-internal:///./node_modules/@rspack/core/dist/cssExtractHmr.js:109
[175207580ms] [LOG] [HMR] Reload all CSS @ webpack-internal:///./node_modules/@rspack/core/dist/cssExtractHmr.js:109
[175207970ms] [LOG] [HMR] Reload all CSS @ webpack-internal:///./node_modules/@rspack/core/dist/cssExtractHmr.js:109
[175866866ms] [LOG] [HMR] Reload all CSS @ webpack-internal:///./node_modules/@rspack/core/dist/cssExtractHmr.js:109
[176157587ms] [WARNING] Overwriting existing registered function: trimmer-zh @ webpack-internal:///./node_modules/lunr/lunr.js:79
[176157624ms] [WARNING] Overwriting existing registered function: stopWordFilter-zh @ webpack-internal:///./node_modules/lunr/lunr.js:79
[176158071ms] [LOG] [HMR] Reload all CSS @ webpack-internal:///./node_modules/@rspack/core/dist/cssExtractHmr.js:109
